val_loss,val_accuracy,val_f1,val_precision,val_recall,epoch,step,train_loss,train_accuracy,train_f1,train_precision,train_recall,test_loss,test_accuracy,test_f1,test_precision,test_recall
0.6442557573318481,0.9903846383094788,0.958974358974359,0.9615384615384616,0.9903846153846154,0,99,,,,,,,,,,
,,,,,0,99,0.5276084542274475,0.6712499856948853,0.48106737706737696,0.6926071428571428,0.5755476190476189,,,,,
0.16868115961551666,1.0,1.0,1.0,1.0,1,199,,,,,,,,,,
,,,,,1,199,0.23991651833057404,0.9900000095367432,0.9877242757242758,0.9910357142857142,0.9882857142857142,,,,,
0.03457960858941078,1.0,1.0,1.0,1.0,2,299,,,,,,,,,,
,,,,,2,299,0.05772100389003754,1.0,1.0,1.0,1.0,,,,,
0.01228813361376524,1.0,1.0,1.0,1.0,3,399,,,,,,,,,,
,,,,,3,399,0.01757200062274933,1.0,1.0,1.0,1.0,,,,,
0.005930915009230375,1.0,1.0,1.0,1.0,4,499,,,,,,,,,,
,,,,,4,499,0.007992347702383995,1.0,1.0,1.0,1.0,,,,,
0.002871092176064849,1.0,1.0,1.0,1.0,5,599,,,,,,,,,,
,,,,,5,599,0.004527013283222914,1.0,1.0,1.0,1.0,,,,,
0.0016083705704659224,1.0,1.0,1.0,1.0,6,699,,,,,,,,,,
,,,,,6,699,0.0027989980299025774,1.0,1.0,1.0,1.0,,,,,
0.001122981426306069,1.0,1.0,1.0,1.0,7,799,,,,,,,,,,
,,,,,7,799,0.0017605647444725037,1.0,1.0,1.0,1.0,,,,,
0.0007724597817286849,1.0,1.0,1.0,1.0,8,899,,,,,,,,,,
,,,,,8,899,0.001306594000197947,1.0,1.0,1.0,1.0,,,,,
0.0005014329799450934,1.0,1.0,1.0,1.0,9,999,,,,,,,,,,
,,,,,9,999,0.001140074571594596,1.0,1.0,1.0,1.0,,,,,
0.00037714026984758675,1.0,1.0,1.0,1.0,10,1099,,,,,,,,,,
,,,,,10,1099,0.0008797721820883453,1.0,1.0,1.0,1.0,,,,,
0.0002967491454910487,1.0,1.0,1.0,1.0,11,1199,,,,,,,,,,
,,,,,11,1199,0.0006397747783921659,1.0,1.0,1.0,1.0,,,,,
0.00022946632816456258,1.0,1.0,1.0,1.0,12,1299,,,,,,,,,,
,,,,,12,1299,0.0005377327906899154,1.0,1.0,1.0,1.0,,,,,
0.00017773370200302452,1.0,1.0,1.0,1.0,13,1399,,,,,,,,,,
,,,,,13,1399,0.00044293500832282007,1.0,1.0,1.0,1.0,,,,,
0.00014708949311170727,1.0,1.0,1.0,1.0,14,1499,,,,,,,,,,
,,,,,14,1499,0.0003696036001201719,1.0,1.0,1.0,1.0,,,,,
0.00012115300341974944,1.0,1.0,1.0,1.0,15,1599,,,,,,,,,,
,,,,,15,1599,0.00032598941470496356,1.0,1.0,1.0,1.0,,,,,
0.00010398065205663443,1.0,1.0,1.0,1.0,16,1699,,,,,,,,,,
,,,,,16,1699,0.00026400297065265477,1.0,1.0,1.0,1.0,,,,,
8.412152237724513e-05,1.0,1.0,1.0,1.0,17,1799,,,,,,,,,,
,,,,,17,1799,0.0002329735434614122,1.0,1.0,1.0,1.0,,,,,
6.633743032580242e-05,1.0,1.0,1.0,1.0,18,1899,,,,,,,,,,
,,,,,18,1899,0.00022592699679080397,1.0,1.0,1.0,1.0,,,,,
5.928988321102224e-05,1.0,1.0,1.0,1.0,19,1999,,,,,,,,,,
,,,,,19,1999,0.00016700522974133492,1.0,1.0,1.0,1.0,,,,,
5.151217192178592e-05,1.0,1.0,1.0,1.0,20,2099,,,,,,,,,,
,,,,,20,2099,0.00016593359760008752,1.0,1.0,1.0,1.0,,,,,
4.530346632236615e-05,1.0,1.0,1.0,1.0,21,2199,,,,,,,,,,
,,,,,21,2199,0.0001441576168872416,1.0,1.0,1.0,1.0,,,,,
3.719437154359184e-05,1.0,1.0,1.0,1.0,22,2299,,,,,,,,,,
,,,,,22,2299,0.00013472841237671673,1.0,1.0,1.0,1.0,,,,,
3.303719495306723e-05,1.0,1.0,1.0,1.0,23,2399,,,,,,,,,,
,,,,,23,2399,0.00010488901898497716,1.0,1.0,1.0,1.0,,,,,
2.930063783423975e-05,1.0,1.0,1.0,1.0,24,2499,,,,,,,,,,
,,,,,24,2499,9.758337546372786e-05,1.0,1.0,1.0,1.0,,,,,
2.5511339117656462e-05,1.0,1.0,1.0,1.0,25,2599,,,,,,,,,,
,,,,,25,2599,0.00010001562623074278,1.0,1.0,1.0,1.0,,,,,
2.2162155801197514e-05,1.0,1.0,1.0,1.0,26,2699,,,,,,,,,,
,,,,,26,2699,9.300905367126688e-05,1.0,1.0,1.0,1.0,,,,,
1.8798054952640086e-05,1.0,1.0,1.0,1.0,27,2799,,,,,,,,,,
,,,,,27,2799,8.230100502260029e-05,1.0,1.0,1.0,1.0,,,,,
1.7272455806960352e-05,1.0,1.0,1.0,1.0,28,2899,,,,,,,,,,
,,,,,28,2899,6.55482872389257e-05,1.0,1.0,1.0,1.0,,,,,
1.4328986253531184e-05,1.0,1.0,1.0,1.0,29,2999,,,,,,,,,,
,,,,,29,2999,8.425721171079203e-05,1.0,1.0,1.0,1.0,,,,,
1.3326050975592807e-05,1.0,1.0,1.0,1.0,30,3099,,,,,,,,,,
,,,,,30,3099,5.539455378311686e-05,1.0,1.0,1.0,1.0,,,,,
1.177407284558285e-05,1.0,1.0,1.0,1.0,31,3199,,,,,,,,,,
,,,,,31,3199,5.564990351558663e-05,1.0,1.0,1.0,1.0,,,,,
1.0583151379250921e-05,1.0,1.0,1.0,1.0,32,3299,,,,,,,,,,
,,,,,32,3299,5.131216312292963e-05,1.0,1.0,1.0,1.0,,,,,
9.565308573655784e-06,1.0,1.0,1.0,1.0,33,3399,,,,,,,,,,
,,,,,33,3399,4.181732947472483e-05,1.0,1.0,1.0,1.0,,,,,
8.910814358387142e-06,1.0,1.0,1.0,1.0,34,3499,,,,,,,,,,
,,,,,34,3499,3.766076406463981e-05,1.0,1.0,1.0,1.0,,,,,
7.921623364381958e-06,1.0,1.0,1.0,1.0,35,3599,,,,,,,,,,
,,,,,35,3599,3.578529504011385e-05,1.0,1.0,1.0,1.0,,,,,
7.490641564800171e-06,1.0,1.0,1.0,1.0,36,3699,,,,,,,,,,
,,,,,36,3699,2.9421393264783546e-05,1.0,1.0,1.0,1.0,,,,,
6.605754151678411e-06,1.0,1.0,1.0,1.0,37,3799,,,,,,,,,,
,,,,,37,3799,3.687257049023174e-05,1.0,1.0,1.0,1.0,,,,,
5.5477844398410525e-06,1.0,1.0,1.0,1.0,38,3899,,,,,,,,,,
,,,,,38,3899,3.078395820921287e-05,1.0,1.0,1.0,1.0,,,,,
5.414821771410061e-06,1.0,1.0,1.0,1.0,39,3999,,,,,,,,,,
,,,,,39,3999,2.5490380721748807e-05,1.0,1.0,1.0,1.0,,,,,
4.70530449092621e-06,1.0,1.0,1.0,1.0,40,4099,,,,,,,,,,
,,,,,40,4099,2.956950083898846e-05,1.0,1.0,1.0,1.0,,,,,
4.241080659994623e-06,1.0,1.0,1.0,1.0,41,4199,,,,,,,,,,
,,,,,41,4199,2.365015825489536e-05,1.0,1.0,1.0,1.0,,,,,
3.863969595840899e-06,1.0,1.0,1.0,1.0,42,4299,,,,,,,,,,
,,,,,42,4299,2.293203942826949e-05,1.0,1.0,1.0,1.0,,,,,
3.540731768225669e-06,1.0,1.0,1.0,1.0,43,4399,,,,,,,,,,
,,,,,43,4399,1.9221235561417416e-05,1.0,1.0,1.0,1.0,,,,,
3.1888373541733017e-06,1.0,1.0,1.0,1.0,44,4499,,,,,,,,,,
,,,,,44,4499,1.8670782083063386e-05,1.0,1.0,1.0,1.0,,,,,
2.7853623123519355e-06,1.0,1.0,1.0,1.0,45,4599,,,,,,,,,,
,,,,,45,4599,1.940324182214681e-05,1.0,1.0,1.0,1.0,,,,,
2.6042569061246468e-06,1.0,1.0,1.0,1.0,46,4699,,,,,,,,,,
,,,,,46,4699,1.654896368563641e-05,1.0,1.0,1.0,1.0,,,,,
2.466708565407316e-06,1.0,1.0,1.0,1.0,47,4799,,,,,,,,,,
,,,,,47,4799,1.548423824715428e-05,1.0,1.0,1.0,1.0,,,,,
2.2179751795192715e-06,1.0,1.0,1.0,1.0,48,4899,,,,,,,,,,
,,,,,48,4899,1.3053618204139639e-05,1.0,1.0,1.0,1.0,,,,,
2.0838651835219935e-06,1.0,1.0,1.0,1.0,49,4999,,,,,,,,,,
,,,,,49,4999,1.2973459888598882e-05,1.0,1.0,1.0,1.0,,,,,
1.9119293028779794e-06,1.0,1.0,1.0,1.0,50,5099,,,,,,,,,,
,,,,,50,5099,1.2384753063088283e-05,1.0,1.0,1.0,1.0,,,,,
1.6780969644969446e-06,1.0,1.0,1.0,1.0,51,5199,,,,,,,,,,
,,,,,51,5199,1.1784595699282363e-05,1.0,1.0,1.0,1.0,,,,,
1.572642872815777e-06,1.0,1.0,1.0,1.0,52,5299,,,,,,,,,,
,,,,,52,5299,1.0385532732470892e-05,1.0,1.0,1.0,1.0,,,,,
1.409876745128713e-06,1.0,1.0,1.0,1.0,53,5399,,,,,,,,,,
,,,,,53,5399,1.0332151759939734e-05,1.0,1.0,1.0,1.0,,,,,
1.2665968824876472e-06,1.0,1.0,1.0,1.0,54,5499,,,,,,,,,,
,,,,,54,5499,1.0689074770198204e-05,1.0,1.0,1.0,1.0,,,,,
1.1416566394473193e-06,1.0,1.0,1.0,1.0,55,5599,,,,,,,,,,
,,,,,55,5599,9.847722139966208e-06,1.0,1.0,1.0,1.0,,,,,
1.0476650231794338e-06,1.0,1.0,1.0,1.0,56,5699,,,,,,,,,,
,,,,,56,5699,8.899315616872627e-06,1.0,1.0,1.0,1.0,,,,,
9.433571221961756e-07,1.0,1.0,1.0,1.0,57,5799,,,,,,,,,,
,,,,,57,5799,8.322351277456619e-06,1.0,1.0,1.0,1.0,,,,,
8.848988386489509e-07,1.0,1.0,1.0,1.0,58,5899,,,,,,,,,,
,,,,,58,5899,6.629682047787355e-06,1.0,1.0,1.0,1.0,,,,,
8.24148003175651e-07,1.0,1.0,1.0,1.0,59,5999,,,,,,,,,,
,,,,,59,5999,6.960917744436301e-06,1.0,1.0,1.0,1.0,,,,,
7.920532425487181e-07,1.0,1.0,1.0,1.0,60,6099,,,,,,,,,,
,,,,,60,6099,5.350799256120808e-06,1.0,1.0,1.0,1.0,,,,,
7.072314929246204e-07,1.0,1.0,1.0,1.0,61,6199,,,,,,,,,,
,,,,,61,6199,6.634471901634242e-06,1.0,1.0,1.0,1.0,,,,,
6.39603285890189e-07,1.0,1.0,1.0,1.0,62,6299,,,,,,,,,,
,,,,,62,6299,6.216257588675944e-06,1.0,1.0,1.0,1.0,,,,,
6.132395924396405e-07,1.0,1.0,1.0,1.0,63,6399,,,,,,,,,,
,,,,,63,6399,4.750575044454308e-06,1.0,1.0,1.0,1.0,,,,,
5.490501280291937e-07,1.0,1.0,1.0,1.0,64,6499,,,,,,,,,,
,,,,,64,6499,5.387236797105288e-06,1.0,1.0,1.0,1.0,,,,,
5.22686548265483e-07,1.0,1.0,1.0,1.0,65,6599,,,,,,,,,,
,,,,,65,6599,4.233368599670939e-06,1.0,1.0,1.0,1.0,,,,,
4.5505828438763274e-07,1.0,1.0,1.0,1.0,66,6699,,,,,,,,,,
,,,,,66,6699,5.506973138835747e-06,1.0,1.0,1.0,1.0,,,,,
4.413033707351133e-07,1.0,1.0,1.0,1.0,67,6799,,,,,,,,,,
,,,,,67,6799,3.7791969589306973e-06,1.0,1.0,1.0,1.0,,,,,
4.206710002563341e-07,1.0,1.0,1.0,1.0,68,6899,,,,,,,,,,
,,,,,68,6899,3.3726996662153397e-06,1.0,1.0,1.0,1.0,,,,,
3.851375538488355e-07,1.0,1.0,1.0,1.0,69,6999,,,,,,,,,,
,,,,,69,6999,3.8080656850070227e-06,1.0,1.0,1.0,1.0,,,,,
3.404341271107114e-07,1.0,1.0,1.0,1.0,70,7099,,,,,,,,,,
,,,,,70,7099,3.607814051065361e-06,1.0,1.0,1.0,1.0,,,,,
3.003156052727718e-07,1.0,1.0,1.0,1.0,71,7199,,,,,,,,,,
,,,,,71,7199,3.354810814926168e-06,1.0,1.0,1.0,1.0,,,,,
2.7739076813304564e-07,1.0,1.0,1.0,1.0,72,7299,,,,,,,,,,
,,,,,72,7299,2.8636600291065406e-06,1.0,1.0,1.0,1.0,,,,,
2.6592834956318256e-07,1.0,1.0,1.0,1.0,73,7399,,,,,,,,,,
,,,,,73,7399,2.6675736535253236e-06,1.0,1.0,1.0,1.0,,,,,
2.315410654318839e-07,1.0,1.0,1.0,1.0,74,7499,,,,,,,,,,
,,,,,74,7499,2.760709321592003e-06,1.0,1.0,1.0,1.0,,,,,
2.028849905855168e-07,1.0,1.0,1.0,1.0,75,7599,,,,,,,,,,
,,,,,75,7599,3.3353426260873675e-06,1.0,1.0,1.0,1.0,,,,,
1.9715376708973054e-07,1.0,1.0,1.0,1.0,76,7699,,,,,,,,,,
,,,,,76,7699,2.0974764538550517e-06,1.0,1.0,1.0,1.0,,,,,
1.7881390590446244e-07,1.0,1.0,1.0,1.0,77,7799,,,,,,,,,,
,,,,,77,7799,2.262415819132002e-06,1.0,1.0,1.0,1.0,,,,,
1.6620522558241646e-07,1.0,1.0,1.0,1.0,78,7899,,,,,,,,,,
,,,,,78,7899,2.140382093784865e-06,1.0,1.0,1.0,1.0,,,,,
1.616202496279584e-07,1.0,1.0,1.0,1.0,79,7999,,,,,,,,,,
,,,,,79,7999,2.1041789750597673e-06,1.0,1.0,1.0,1.0,,,,,
1.4786533597543894e-07,1.0,1.0,1.0,1.0,80,8099,,,,,,,,,,
,,,,,80,8099,2.265668172185542e-06,1.0,1.0,1.0,1.0,,,,,
1.318179414511178e-07,1.0,1.0,1.0,1.0,81,8199,,,,,,,,,,
,,,,,81,8199,1.774119482433889e-06,1.0,1.0,1.0,1.0,,,,,
1.2608673216618627e-07,1.0,1.0,1.0,1.0,82,8299,,,,,,,,,,
,,,,,82,8299,1.3641962368637905e-06,1.0,1.0,1.0,1.0,,,,,
1.1347805894956764e-07,1.0,1.0,1.0,1.0,83,8399,,,,,,,,,,
,,,,,83,8399,2.0224404124746798e-06,1.0,1.0,1.0,1.0,,,,,
1.0774684255920874e-07,1.0,1.0,1.0,1.0,84,8499,,,,,,,,,,
,,,,,84,8499,1.5289989505617996e-06,1.0,1.0,1.0,1.0,,,,,
1.0430811414607888e-07,1.0,1.0,1.0,1.0,85,8599,,,,,,,,,,
,,,,,85,8599,1.3708855703953304e-06,1.0,1.0,1.0,1.0,,,,,
8.940696005765858e-08,1.0,1.0,1.0,1.0,86,8699,,,,,,,,,,
,,,,,86,8699,1.5713045513621182e-06,1.0,1.0,1.0,1.0,,,,,
8.138325569007065e-08,1.0,1.0,1.0,1.0,87,8799,,,,,,,,,,
,,,,,87,8799,1.1767366459025652e-06,1.0,1.0,1.0,1.0,,,,,
8.023701525416982e-08,1.0,1.0,1.0,1.0,88,8899,,,,,,,,,,
,,,,,88,8899,1.1284571428404888e-06,1.0,1.0,1.0,1.0,,,,,
6.877458247345203e-08,1.0,1.0,1.0,1.0,89,8999,,,,,,,,,,
,,,,,89,8999,1.2335012797848321e-06,1.0,1.0,1.0,1.0,,,,,
6.533585406032216e-08,1.0,1.0,1.0,1.0,90,9099,,,,,,,,,,
,,,,,90,9099,1.0740694733613054e-06,1.0,1.0,1.0,1.0,,,,,
6.075088521129146e-08,1.0,1.0,1.0,1.0,91,9199,,,,,,,,,,
,,,,,91,9199,1.0937325214399607e-06,1.0,1.0,1.0,1.0,,,,,
5.61659092568334e-08,1.0,1.0,1.0,1.0,92,9299,,,,,,,,,,
,,,,,92,9299,9.563533467371599e-07,1.0,1.0,1.0,1.0,,,,,
4.928845243057367e-08,1.0,1.0,1.0,1.0,93,9399,,,,,,,,,,
,,,,,93,9399,9.132857599070121e-07,1.0,1.0,1.0,1.0,,,,,
4.241099205160026e-08,1.0,1.0,1.0,1.0,94,9499,,,,,,,,,,
,,,,,94,9499,8.347598736690998e-07,1.0,1.0,1.0,1.0,,,,,
3.6679779213955044e-08,1.0,1.0,1.0,1.0,95,9599,,,,,,,,,,
,,,,,95,9599,9.877902584776166e-07,1.0,1.0,1.0,1.0,,,,,
2.9802320611338473e-08,1.0,1.0,1.0,1.0,96,9699,,,,,,,,,,
,,,,,96,9699,1.021731463879405e-06,1.0,1.0,1.0,1.0,,,,,
2.9802320611338473e-08,1.0,1.0,1.0,1.0,97,9799,,,,,,,,,,
,,,,,97,9799,6.827691549915471e-07,1.0,1.0,1.0,1.0,,,,,
2.8656076622723958e-08,1.0,1.0,1.0,1.0,98,9899,,,,,,,,,,
,,,,,98,9899,7.127179060262279e-07,1.0,1.0,1.0,1.0,,,,,
2.6363590421851768e-08,1.0,1.0,1.0,1.0,99,9999,,,,,,,,,,
,,,,,99,9999,4.853303607887938e-07,1.0,1.0,1.0,1.0,,,,,
2.5217348209594093e-08,1.0,1.0,1.0,1.0,100,10099,,,,,,,,,,
,,,,,100,10099,4.592529592173378e-07,1.0,1.0,1.0,1.0,,,,,
2.2924862008721902e-08,1.0,1.0,1.0,1.0,101,10199,,,,,,,,,,
,,,,,101,10199,4.985917030353448e-07,1.0,1.0,1.0,1.0,,,,,
2.1778618020107388e-08,1.0,1.0,1.0,1.0,102,10299,,,,,,,,,,
,,,,,102,10299,4.6864079195074737e-07,1.0,1.0,1.0,1.0,,,,,
1.7193645618363007e-08,1.0,1.0,1.0,1.0,103,10399,,,,,,,,,,
,,,,,103,10399,6.416388487195945e-07,1.0,1.0,1.0,1.0,,,,,
1.6047403406105332e-08,1.0,1.0,1.0,1.0,104,10499,,,,,,,,,,
,,,,,104,10499,4.827965653930733e-07,1.0,1.0,1.0,1.0,,,,,
1.3754917205233141e-08,1.0,1.0,1.0,1.0,105,10599,,,,,,,,,,
,,,,,105,10599,5.969322955934331e-07,1.0,1.0,1.0,1.0,,,,,
1.2608674104797046e-08,1.0,1.0,1.0,1.0,106,10699,,,,,,,,,,
,,,,,106,10699,5.674318686033075e-07,1.0,1.0,1.0,1.0,,,,,
4.5849724017443805e-09,1.0,1.0,1.0,1.0,107,10799,,,,,,,,,,
,,,,,107,10799,5.263071898298222e-07,1.0,1.0,1.0,1.0,,,,,
3.4387293013082854e-09,1.0,1.0,1.0,1.0,108,10899,,,,,,,,,,
,,,,,108,10899,3.631401739312423e-07,1.0,1.0,1.0,1.0,,,,,
2.2924862008721902e-09,1.0,1.0,1.0,1.0,109,10999,,,,,,,,,,
,,,,,109,10999,3.583721195354883e-07,1.0,1.0,1.0,1.0,,,,,
2.2924862008721902e-09,1.0,1.0,1.0,1.0,110,11099,,,,,,,,,,
,,,,,110,11099,3.744656282833603e-07,1.0,1.0,1.0,1.0,,,,,
2.2924862008721902e-09,1.0,1.0,1.0,1.0,111,11199,,,,,,,,,,
,,,,,111,11199,2.866979116333823e-07,1.0,1.0,1.0,1.0,,,,,
2.2924862008721902e-09,1.0,1.0,1.0,1.0,112,11299,,,,,,,,,,
,,,,,112,11299,3.5106913287563657e-07,1.0,1.0,1.0,1.0,,,,,
2.2924862008721902e-09,1.0,1.0,1.0,1.0,113,11399,,,,,,,,,,
,,,,,113,11399,2.744789071584819e-07,1.0,1.0,1.0,1.0,,,,,
2.2924862008721902e-09,1.0,1.0,1.0,1.0,114,11499,,,,,,,,,,
,,,,,114,11499,2.378221637400202e-07,1.0,1.0,1.0,1.0,,,,,
2.2924862008721902e-09,1.0,1.0,1.0,1.0,115,11599,,,,,,,,,,
,,,,,115,11599,2.105532672658228e-07,1.0,1.0,1.0,1.0,,,,,
2.2924862008721902e-09,1.0,1.0,1.0,1.0,116,11699,,,,,,,,,,
,,,,,116,11699,2.8341932534203806e-07,1.0,1.0,1.0,1.0,,,,,
2.2924862008721902e-09,1.0,1.0,1.0,1.0,117,11799,,,,,,,,,,
,,,,,117,11799,3.699814214996877e-07,1.0,1.0,1.0,1.0,,,,,
1.1462431004360951e-09,1.0,1.0,1.0,1.0,118,11899,,,,,,,,,,
,,,,,118,11899,2.2306976177333127e-07,1.0,1.0,1.0,1.0,,,,,
1.1462431004360951e-09,1.0,1.0,1.0,1.0,119,11999,,,,,,,,,,
,,,,,119,11999,2.2858313286633347e-07,1.0,1.0,1.0,1.0,,,,,
1.1462431004360951e-09,1.0,1.0,1.0,1.0,120,12099,,,,,,,,,,
,,,,,120,12099,1.3455743896884087e-07,1.0,1.0,1.0,1.0,,,,,
1.1462431004360951e-09,1.0,1.0,1.0,1.0,121,12199,,,,,,,,,,
,,,,,121,12199,1.9103259774055914e-07,1.0,1.0,1.0,1.0,,,,,
0.0,1.0,1.0,1.0,1.0,122,12299,,,,,,,,,,
,,,,,122,12299,1.6987281981073465e-07,1.0,1.0,1.0,1.0,,,,,
0.0,1.0,1.0,1.0,1.0,123,12399,,,,,,,,,,
,,,,,123,12399,1.2934198423408816e-07,1.0,1.0,1.0,1.0,,,,,
0.0,1.0,1.0,1.0,1.0,124,12499,,,,,,,,,,
,,,,,124,12499,2.060805144310507e-07,1.0,1.0,1.0,1.0,,,,,
0.0,1.0,1.0,1.0,1.0,125,12599,,,,,,,,,,
,,,,,125,12599,2.558473681801843e-07,1.0,1.0,1.0,1.0,,,,,
0.0,1.0,1.0,1.0,1.0,126,12699,,,,,,,,,,
,,,,,126,12699,1.302360601584951e-07,1.0,1.0,1.0,1.0,,,,,
0.0,1.0,1.0,1.0,1.0,127,12799,,,,,,,,,,
,,,,,127,12799,2.6582708301248203e-07,1.0,1.0,1.0,1.0,,,,,
0.0,1.0,1.0,1.0,1.0,128,12899,,,,,,,,,,
,,,,,128,12899,1.916279330771431e-07,1.0,1.0,1.0,1.0,,,,,
0.0,1.0,1.0,1.0,1.0,129,12999,,,,,,,,,,
,,,,,129,12999,8.44895495788478e-08,1.0,1.0,1.0,1.0,,,,,
0.0,1.0,1.0,1.0,1.0,130,13099,,,,,,,,,,
,,,,,130,13099,1.1965609303388192e-07,1.0,1.0,1.0,1.0,,,,,
0.0,1.0,1.0,1.0,1.0,131,13199,,,,,,,,,,
,,,,,131,13199,8.970492615389958e-08,1.0,1.0,1.0,1.0,,,,,
0.0,1.0,1.0,1.0,1.0,132,13299,,,,,,,,,,
,,,,,132,13299,9.50693461732044e-08,1.0,1.0,1.0,1.0,,,,,
0.0,1.0,1.0,1.0,1.0,133,13399,,,,,,,,,,
,,,,,133,13399,8.463844380912633e-08,1.0,1.0,1.0,1.0,,,,,
0.0,1.0,1.0,1.0,1.0,134,13499,,,,,,,,,,
,,,,,134,13499,7.286664782668595e-08,1.0,1.0,1.0,1.0,,,,,
0.0,1.0,1.0,1.0,1.0,135,13599,,,,,,,,,,
,,,,,135,13599,7.480374364376985e-08,1.0,1.0,1.0,1.0,,,,,
0.0,1.0,1.0,1.0,1.0,136,13699,,,,,,,,,,
,,,,,136,13699,7.83800615522523e-08,1.0,1.0,1.0,1.0,,,,,
0.0,1.0,1.0,1.0,1.0,137,13799,,,,,,,,,,
,,,,,137,13799,5.8412538805896475e-08,1.0,1.0,1.0,1.0,,,,,
0.0,1.0,1.0,1.0,1.0,138,13899,,,,,,,,,,
,,,,,138,13899,7.465474283208096e-08,1.0,1.0,1.0,1.0,,,,,
0.0,1.0,1.0,1.0,1.0,139,13999,,,,,,,,,,
,,,,,139,13999,4.455444369000361e-08,1.0,1.0,1.0,1.0,,,,,
0.0,1.0,1.0,1.0,1.0,140,14099,,,,,,,,,,
,,,,,140,14099,8.061500267331212e-08,1.0,1.0,1.0,1.0,,,,,
0.0,1.0,1.0,1.0,1.0,141,14199,,,,,,,,,,
,,,,,141,14199,6.169076982587285e-08,1.0,1.0,1.0,1.0,,,,,
0.0,1.0,1.0,1.0,1.0,142,14299,,,,,,,,,,
,,,,,142,14299,4.1723243526803344e-08,1.0,1.0,1.0,1.0,,,,,
0.0,1.0,1.0,1.0,1.0,143,14399,,,,,,,,,,
,,,,,143,14399,5.900857047436148e-08,1.0,1.0,1.0,1.0,,,,,
0.0,1.0,1.0,1.0,1.0,144,14499,,,,,,,,,,
,,,,,144,14499,5.5134236731646524e-08,1.0,1.0,1.0,1.0,,,,,
0.0,1.0,1.0,1.0,1.0,145,14599,,,,,,,,,,
,,,,,145,14599,4.291529975830599e-08,1.0,1.0,1.0,1.0,,,,,
0.0,1.0,1.0,1.0,1.0,146,14699,,,,,,,,,,
,,,,,146,14699,5.379316903031395e-08,1.0,1.0,1.0,1.0,,,,,
0.0,1.0,1.0,1.0,1.0,147,14799,,,,,,,,,,
,,,,,147,14799,5.3942152078434447e-08,1.0,1.0,1.0,1.0,,,,,
0.0,1.0,1.0,1.0,1.0,148,14899,,,,,,,,,,
,,,,,148,14899,3.457067876411202e-08,1.0,1.0,1.0,1.0,,,,,
0.0,1.0,1.0,1.0,1.0,149,14999,,,,,,,,,,
,,,,,149,14999,5.468716324230627e-08,1.0,1.0,1.0,1.0,,,,,
0.0,1.0,1.0,1.0,1.0,150,15099,,,,,,,,,,
,,,,,150,15099,2.4884936777880284e-08,1.0,1.0,1.0,1.0,,,,,
0.0,1.0,1.0,1.0,1.0,151,15199,,,,,,,,,,
,,,,,151,15199,3.531569348069752e-08,1.0,1.0,1.0,1.0,,,,,
0.0,1.0,1.0,1.0,1.0,152,15299,,,,,,,,,,
,,,,,152,15299,2.712009994354503e-08,1.0,1.0,1.0,1.0,,,,,
0.0,1.0,1.0,1.0,1.0,153,15399,,,,,,,,,,
,,,,,153,15399,2.38418529363571e-08,1.0,1.0,1.0,1.0,,,,,
0.0,1.0,1.0,1.0,1.0,154,15499,,,,,,,,,,
,,,,,154,15499,1.877545940942582e-08,1.0,1.0,1.0,1.0,,,,,
0.0,1.0,1.0,1.0,1.0,155,15599,,,,,,,,,,
,,,,,155,15599,2.0712610293571743e-08,1.0,1.0,1.0,1.0,,,,,
0.0,1.0,1.0,1.0,1.0,156,15699,,,,,,,,,,
,,,,,156,15699,4.4405297217053885e-08,1.0,1.0,1.0,1.0,,,,,
0.0,1.0,1.0,1.0,1.0,157,15799,,,,,,,,,,
,,,,,157,15799,2.1308650843820942e-08,1.0,1.0,1.0,1.0,,,,,
0.0,1.0,1.0,1.0,1.0,158,15899,,,,,,,,,,
,,,,,158,15899,2.0265577660438794e-08,1.0,1.0,1.0,1.0,,,,,
0.0,1.0,1.0,1.0,1.0,159,15999,,,,,,,,,,
,,,,,159,15999,2.0563593494671295e-08,1.0,1.0,1.0,1.0,,,,,
0.0,1.0,1.0,1.0,1.0,160,16099,,,,,,,,,,
,,,,,160,16099,1.2814997063514966e-08,1.0,1.0,1.0,1.0,,,,,
0.0,1.0,1.0,1.0,1.0,161,16199,,,,,,,,,,
,,,,,161,16199,4.678923204437524e-08,1.0,1.0,1.0,1.0,,,,,
0.0,1.0,1.0,1.0,1.0,162,16299,,,,,,,,,,
,,,,,162,16299,2.5331960529229036e-08,1.0,1.0,1.0,1.0,,,,,
0.0,1.0,1.0,1.0,1.0,163,16399,,,,,,,,,,
,,,,,163,16399,1.922248848984509e-08,1.0,1.0,1.0,1.0,,,,,
0.0,1.0,1.0,1.0,1.0,164,16499,,,,,,,,,,
,,,,,164,16499,1.3262031473004754e-08,1.0,1.0,1.0,1.0,,,,,
0.0,1.0,1.0,1.0,1.0,165,16599,,,,,,,,,,
,,,,,165,16599,1.832840723636764e-08,1.0,1.0,1.0,1.0,,,,,
0.0,1.0,1.0,1.0,1.0,166,16699,,,,,,,,,,
,,,,,166,16699,1.0281798523692487e-08,1.0,1.0,1.0,1.0,,,,,
0.0,1.0,1.0,1.0,1.0,167,16799,,,,,,,,,,
,,,,,167,16799,9.38773059289133e-09,1.0,1.0,1.0,1.0,,,,,
0.0,1.0,1.0,1.0,1.0,168,16899,,,,,,,,,,
,,,,,168,16899,1.475214173041195e-08,1.0,1.0,1.0,1.0,,,,,
0.0,1.0,1.0,1.0,1.0,169,16999,,,,,,,,,,
,,,,,169,16999,1.0579822351530765e-08,1.0,1.0,1.0,1.0,,,,,
0.0,1.0,1.0,1.0,1.0,170,17099,,,,,,,,,,
,,,,,170,17099,3.591155817161962e-08,1.0,1.0,1.0,1.0,,,,,
0.0,1.0,1.0,1.0,1.0,171,17199,,,,,,,,,,
,,,,,171,17199,7.748603536583687e-09,1.0,1.0,1.0,1.0,,,,,
0.0,1.0,1.0,1.0,1.0,172,17299,,,,,,,,,,
,,,,,172,17299,8.940696183401542e-09,1.0,1.0,1.0,1.0,,,,,
0.0,1.0,1.0,1.0,1.0,173,17399,,,,,,,,,,
,,,,,173,17399,1.1473885841439824e-08,1.0,1.0,1.0,1.0,,,,,
0.0,1.0,1.0,1.0,1.0,174,17499,,,,,,,,,,
,,,,,174,17499,1.2367959101311499e-08,1.0,1.0,1.0,1.0,,,,,
0.0,1.0,1.0,1.0,1.0,175,17599,,,,,,,,,,
,,,,,175,17599,9.536739398186e-09,1.0,1.0,1.0,1.0,,,,,
0.0,1.0,1.0,1.0,1.0,176,17699,,,,,,,,,,
,,,,,176,17699,1.415607275845332e-08,1.0,1.0,1.0,1.0,,,,,
0.0,1.0,1.0,1.0,1.0,177,17799,,,,,,,,,,
,,,,,177,17799,4.76837147544984e-09,1.0,1.0,1.0,1.0,,,,,
0.0,1.0,1.0,1.0,1.0,178,17899,,,,,,,,,,
,,,,,178,17899,2.086162353975851e-09,1.0,1.0,1.0,1.0,,,,,
0.0,1.0,1.0,1.0,1.0,179,17999,,,,,,,,,,
,,,,,179,17999,1.3411015409303673e-08,1.0,1.0,1.0,1.0,,,,,
0.0,1.0,1.0,1.0,1.0,180,18099,,,,,,,,,,
,,,,,180,18099,5.960464122267695e-09,1.0,1.0,1.0,1.0,,,,,
0.0,1.0,1.0,1.0,1.0,181,18199,,,,,,,,,,
,,,,,181,18199,1.4454109020789474e-08,1.0,1.0,1.0,1.0,,,,,
0.0,1.0,1.0,1.0,1.0,182,18299,,,,,,,,,,
,,,,,182,18299,3.278255222838311e-09,1.0,1.0,1.0,1.0,,,,,
0.0,1.0,1.0,1.0,1.0,183,18399,,,,,,,,,,
,,,,,183,18399,2.384185515680315e-09,1.0,1.0,1.0,1.0,,,,,
0.0,1.0,1.0,1.0,1.0,184,18499,,,,,,,,,,
,,,,,184,18499,7.003541746541941e-09,1.0,1.0,1.0,1.0,,,,,
0.0,1.0,1.0,1.0,1.0,185,18599,,,,,,,,,,
,,,,,185,18599,4.023312794032563e-09,1.0,1.0,1.0,1.0,,,,,
0.0,1.0,1.0,1.0,1.0,186,18699,,,,,,,,,,
,,,,,186,18699,1.3411043386923893e-09,1.0,1.0,1.0,1.0,,,,,
0.0,1.0,1.0,1.0,1.0,187,18799,,,,,,,,,,
,,,,,187,18799,2.2351740458503855e-09,1.0,1.0,1.0,1.0,,,,,
0.0,1.0,1.0,1.0,1.0,188,18899,,,,,,,,,,
,,,,,188,18899,6.109473815740785e-09,1.0,1.0,1.0,1.0,,,,,
0.0,1.0,1.0,1.0,1.0,189,18999,,,,,,,,,,
,,,,,189,18999,3.278255222838311e-09,1.0,1.0,1.0,1.0,,,,,
0.0,1.0,1.0,1.0,1.0,190,19099,,,,,,,,,,
,,,,,190,19099,3.874299991935004e-09,1.0,1.0,1.0,1.0,,,,,
0.0,1.0,1.0,1.0,1.0,191,19199,,,,,,,,,,
,,,,,191,19199,4.91738072483372e-09,1.0,1.0,1.0,1.0,,,,,
0.0,1.0,1.0,1.0,1.0,192,19299,,,,,,,,,,
,,,,,192,19299,1.6391276114191555e-09,1.0,1.0,1.0,1.0,,,,,
0.0,1.0,1.0,1.0,1.0,193,19399,,,,,,,,,,
,,,,,193,19399,2.38418573772492e-09,1.0,1.0,1.0,1.0,,,,,
0.0,1.0,1.0,1.0,1.0,194,19499,,,,,,,,,,
,,,,,194,19499,2.5331967634656394e-09,1.0,1.0,1.0,1.0,,,,,
0.0,1.0,1.0,1.0,1.0,195,19599,,,,,,,,,,
,,,,,195,19599,1.19209286886246e-09,1.0,1.0,1.0,1.0,,,,,
0.0,1.0,1.0,1.0,1.0,196,19699,,,,,,,,,,
,,,,,196,19699,1.6391276114191555e-09,1.0,1.0,1.0,1.0,,,,,
0.0,1.0,1.0,1.0,1.0,197,19799,,,,,,,,,,
,,,,,197,19799,3.874300880113424e-09,1.0,1.0,1.0,1.0,,,,,
0.0,1.0,1.0,1.0,1.0,198,19899,,,,,,,,,,
,,,,,198,19899,1.4901160305669237e-09,1.0,1.0,1.0,1.0,,,,,
0.0,1.0,1.0,1.0,1.0,199,19999,,,,,,,,,,
,,,,,199,19999,2.086162353975851e-09,1.0,1.0,1.0,1.0,,,,,
0.0,1.0,1.0,1.0,1.0,200,20099,,,,,,,,,,
,,,,,200,20099,1.4901160305669237e-09,1.0,1.0,1.0,1.0,,,,,
0.0,1.0,1.0,1.0,1.0,201,20199,,,,,,,,,,
,,,,,201,20199,2.9802313950000325e-09,1.0,1.0,1.0,1.0,,,,,
0.0,1.0,1.0,1.0,1.0,202,20299,,,,,,,,,,
,,,,,202,20299,1.6391276114191555e-09,1.0,1.0,1.0,1.0,,,,,
0.0,1.0,1.0,1.0,1.0,203,20399,,,,,,,,,,
,,,,,203,20399,2.086162353975851e-09,1.0,1.0,1.0,1.0,,,,,
0.0,1.0,1.0,1.0,1.0,204,20499,,,,,,,,,,
,,,,,204,20499,1.639127500396853e-09,1.0,1.0,1.0,1.0,,,,,
0.0,1.0,1.0,1.0,1.0,205,20599,,,,,,,,,,
,,,,,205,20599,1.6391276114191555e-09,1.0,1.0,1.0,1.0,,,,,
0.0,1.0,1.0,1.0,1.0,206,20699,,,,,,,,,,
,,,,,206,20699,1.3411043386923893e-09,1.0,1.0,1.0,1.0,,,,,
0.0,1.0,1.0,1.0,1.0,207,20799,,,,,,,,,,
,,,,,207,20799,2.6822086773847786e-09,1.0,1.0,1.0,1.0,,,,,
0.0,1.0,1.0,1.0,1.0,208,20899,,,,,,,,,,
,,,,,208,20899,2.086162353975851e-09,1.0,1.0,1.0,1.0,,,,,
0.0,1.0,1.0,1.0,1.0,209,20999,,,,,,,,,,
,,,,,209,20999,1.7881385261375726e-09,1.0,1.0,1.0,1.0,,,,,
0.0,1.0,1.0,1.0,1.0,210,21099,,,,,,,,,,
,,,,,210,21099,8.940695406245425e-10,1.0,1.0,1.0,1.0,,,,,
0.0,1.0,1.0,1.0,1.0,211,21199,,,,,,,,,,
,,,,,211,21199,5.9604643443123e-10,1.0,1.0,1.0,1.0,,,,,
0.0,1.0,1.0,1.0,1.0,212,21299,,,,,,,,,,
,,,,,212,21299,2.3841848495465e-09,1.0,1.0,1.0,1.0,,,,,
0.0,1.0,1.0,1.0,1.0,213,21399,,,,,,,,,,
,,,,,213,21399,4.4703479806784685e-10,1.0,1.0,1.0,1.0,,,,,
0.0,1.0,1.0,1.0,1.0,214,21499,,,,,,,,,,
,,,,,214,21499,2.9802318946003936e-10,1.0,1.0,1.0,1.0,,,,,
0.0,1.0,1.0,1.0,1.0,215,21599,,,,,,,,,,
,,,,,215,21599,2.2351733797165707e-09,1.0,1.0,1.0,1.0,,,,,
0.0,1.0,1.0,1.0,1.0,216,21699,,,,,,,,,,
,,,,,216,21699,1.0430811769879256e-09,1.0,1.0,1.0,1.0,,,,,
0.0,1.0,1.0,1.0,1.0,217,21799,,,,,,,,,,
,,,,,217,21799,1.4901156975000163e-09,1.0,1.0,1.0,1.0,,,,,
0.0,1.0,1.0,1.0,1.0,218,21899,,,,,,,,,,
,,,,,218,21899,2.9802318946003936e-10,1.0,1.0,1.0,1.0,,,,,
0.0,1.0,1.0,1.0,1.0,219,21999,,,,,,,,,,
,,,,,219,21999,0.0,1.0,1.0,1.0,1.0,,,,,
0.0,1.0,1.0,1.0,1.0,220,22099,,,,,,,,,,
,,,,,220,22099,4.4703479806784685e-10,1.0,1.0,1.0,1.0,,,,,
0.0,1.0,1.0,1.0,1.0,221,22199,,,,,,,,,,
,,,,,221,22199,5.9604643443123e-10,1.0,1.0,1.0,1.0,,,,,
0.0,1.0,1.0,1.0,1.0,222,22299,,,,,,,,,,
,,,,,222,22299,8.940695406245425e-10,1.0,1.0,1.0,1.0,,,,,
0.0,1.0,1.0,1.0,1.0,223,22399,,,,,,,,,,
,,,,,223,22399,1.0430808439210182e-09,1.0,1.0,1.0,1.0,,,,,
0.0,1.0,1.0,1.0,1.0,224,22499,,,,,,,,,,
,,,,,224,22499,4.4703479806784685e-10,1.0,1.0,1.0,1.0,,,,,
0.0,1.0,1.0,1.0,1.0,225,22599,,,,,,,,,,
,,,,,225,22599,4.4703479806784685e-10,1.0,1.0,1.0,1.0,,,,,
0.0,1.0,1.0,1.0,1.0,226,22699,,,,,,,,,,
,,,,,226,22699,2.9802318946003936e-10,1.0,1.0,1.0,1.0,,,,,
0.0,1.0,1.0,1.0,1.0,227,22799,,,,,,,,,,
,,,,,227,22799,4.4703479806784685e-10,1.0,1.0,1.0,1.0,,,,,
0.0,1.0,1.0,1.0,1.0,228,22899,,,,,,,,,,
,,,,,228,22899,1.4706930073771218e-07,1.0,1.0,1.0,1.0,,,,,
0.0,1.0,1.0,1.0,1.0,229,22999,,,,,,,,,,
,,,,,229,22999,9.387721711107133e-09,1.0,1.0,1.0,1.0,,,,,
0.0,1.0,1.0,1.0,1.0,230,23099,,,,,,,,,,
,,,,,230,23099,2.086162353975851e-09,1.0,1.0,1.0,1.0,,,,,
0.0,1.0,1.0,1.0,1.0,231,23199,,,,,,,,,,
,,,,,231,23199,1.788139081249085e-09,1.0,1.0,1.0,1.0,,,,,
0.0,1.0,1.0,1.0,1.0,232,23299,,,,,,,,,,
,,,,,232,23299,2.98023217215615e-10,1.0,1.0,1.0,1.0,,,,,
0.0,1.0,1.0,1.0,1.0,233,23399,,,,,,,,,,
,,,,,233,23399,7.450580152834618e-10,1.0,1.0,1.0,1.0,,,,,
0.0,1.0,1.0,1.0,1.0,234,23499,,,,,,,,,,
,,,,,234,23499,2.9802318946003936e-10,1.0,1.0,1.0,1.0,,,,,
0.0,1.0,1.0,1.0,1.0,235,23599,,,,,,,,,,
,,,,,235,23599,4.4703479806784685e-10,1.0,1.0,1.0,1.0,,,,,
0.0,1.0,1.0,1.0,1.0,236,23699,,,,,,,,,,
,,,,,236,23699,1.490116086078075e-10,1.0,1.0,1.0,1.0,,,,,
0.0,1.0,1.0,1.0,1.0,237,23799,,,,,,,,,,
,,,,,237,23799,2.98023217215615e-10,1.0,1.0,1.0,1.0,,,,,
0.0,1.0,1.0,1.0,1.0,238,23899,,,,,,,,,,
,,,,,238,23899,5.960463789200787e-10,1.0,1.0,1.0,1.0,,,,,
0.0,1.0,1.0,1.0,1.0,239,23999,,,,,,,,,,
,,,,,239,23999,2.2351733797165707e-09,1.0,1.0,1.0,1.0,,,,,
0.0,1.0,1.0,1.0,1.0,240,24099,,,,,,,,,,
,,,,,240,24099,1.490116086078075e-10,1.0,1.0,1.0,1.0,,,,,
0.0,1.0,1.0,1.0,1.0,241,24199,,,,,,,,,,
,,,,,241,24199,2.98023217215615e-10,1.0,1.0,1.0,1.0,,,,,
0.0,1.0,1.0,1.0,1.0,242,24299,,,,,,,,,,
,,,,,242,24299,1.490116086078075e-10,1.0,1.0,1.0,1.0,,,,,
0.0,1.0,1.0,1.0,1.0,243,24399,,,,,,,,,,
,,,,,243,24399,1.490116086078075e-10,1.0,1.0,1.0,1.0,,,,,
0.0,1.0,1.0,1.0,1.0,244,24499,,,,,,,,,,
,,,,,244,24499,1.4901155864777138e-09,1.0,1.0,1.0,1.0,,,,,
0.0,1.0,1.0,1.0,1.0,245,24599,,,,,,,,,,
,,,,,245,24599,0.0,1.0,1.0,1.0,1.0,,,,,
0.0,1.0,1.0,1.0,1.0,246,24699,,,,,,,,,,
,,,,,246,24699,2.9802318946003936e-10,1.0,1.0,1.0,1.0,,,,,
0.0,1.0,1.0,1.0,1.0,247,24799,,,,,,,,,,
,,,,,247,24799,2.9802318946003936e-10,1.0,1.0,1.0,1.0,,,,,
0.0,1.0,1.0,1.0,1.0,248,24899,,,,,,,,,,
,,,,,248,24899,0.0,1.0,1.0,1.0,1.0,,,,,
0.0,1.0,1.0,1.0,1.0,249,24999,,,,,,,,,,
,,,,,249,24999,0.0,1.0,1.0,1.0,1.0,,,,,
0.0,1.0,1.0,1.0,1.0,250,25099,,,,,,,,,,
,,,,,250,25099,0.0,1.0,1.0,1.0,1.0,,,,,
0.0,1.0,1.0,1.0,1.0,251,25199,,,,,,,,,,
,,,,,251,25199,1.490116086078075e-10,1.0,1.0,1.0,1.0,,,,,
0.0,1.0,1.0,1.0,1.0,252,25299,,,,,,,,,,
,,,,,252,25299,0.0,1.0,1.0,1.0,1.0,,,,,
0.0,1.0,1.0,1.0,1.0,253,25399,,,,,,,,,,
,,,,,253,25399,2.98023217215615e-10,1.0,1.0,1.0,1.0,,,,,
0.0,1.0,1.0,1.0,1.0,254,25499,,,,,,,,,,
,,,,,254,25499,0.0,1.0,1.0,1.0,1.0,,,,,
0.0,1.0,1.0,1.0,1.0,255,25599,,,,,,,,,,
,,,,,255,25599,1.937149773922897e-09,1.0,1.0,1.0,1.0,,,,,
0.0,1.0,1.0,1.0,1.0,256,25699,,,,,,,,,,
,,,,,256,25699,1.490116086078075e-10,1.0,1.0,1.0,1.0,,,,,
0.0,1.0,1.0,1.0,1.0,257,25799,,,,,,,,,,
,,,,,257,25799,0.0,1.0,1.0,1.0,1.0,,,,,
0.0,1.0,1.0,1.0,1.0,258,25899,,,,,,,,,,
,,,,,258,25899,0.0,1.0,1.0,1.0,1.0,,,,,
0.0,1.0,1.0,1.0,1.0,259,25999,,,,,,,,,,
,,,,,259,25999,7.450578487500081e-10,1.0,1.0,1.0,1.0,,,,,
0.0,1.0,1.0,1.0,1.0,260,26099,,,,,,,,,,
,,,,,260,26099,1.0430810659656231e-09,1.0,1.0,1.0,1.0,,,,,
0.0,1.0,1.0,1.0,1.0,261,26199,,,,,,,,,,
,,,,,261,26199,2.98023217215615e-10,1.0,1.0,1.0,1.0,,,,,
0.0,1.0,1.0,1.0,1.0,262,26299,,,,,,,,,,
,,,,,262,26299,0.0,1.0,1.0,1.0,1.0,,,,,
0.0,1.0,1.0,1.0,1.0,263,26399,,,,,,,,,,
,,,,,263,26399,1.490116086078075e-10,1.0,1.0,1.0,1.0,,,,,
0.0,1.0,1.0,1.0,1.0,264,26499,,,,,,,,,,
,,,,,264,26499,0.0,1.0,1.0,1.0,1.0,,,,,
0.0,1.0,1.0,1.0,1.0,265,26599,,,,,,,,,,
,,,,,265,26599,0.0,1.0,1.0,1.0,1.0,,,,,
0.0,1.0,1.0,1.0,1.0,266,26699,,,,,,,,,,
,,,,,266,26699,0.0,1.0,1.0,1.0,1.0,,,,,
0.0,1.0,1.0,1.0,1.0,267,26799,,,,,,,,,,
,,,,,267,26799,0.0,1.0,1.0,1.0,1.0,,,,,
0.0,1.0,1.0,1.0,1.0,268,26899,,,,,,,,,,
,,,,,268,26899,0.0,1.0,1.0,1.0,1.0,,,,,
0.0,1.0,1.0,1.0,1.0,269,26999,,,,,,,,,,
,,,,,269,26999,0.0,1.0,1.0,1.0,1.0,,,,,
0.0,1.0,1.0,1.0,1.0,270,27099,,,,,,,,,,
,,,,,270,27099,0.0,1.0,1.0,1.0,1.0,,,,,
0.0,1.0,1.0,1.0,1.0,271,27199,,,,,,,,,,
,,,,,271,27199,0.0,1.0,1.0,1.0,1.0,,,,,
0.0,1.0,1.0,1.0,1.0,272,27299,,,,,,,,,,
,,,,,272,27299,8.791654515505343e-09,1.0,1.0,1.0,1.0,,,,,
0.0,1.0,1.0,1.0,1.0,273,27399,,,,,,,,,,
,,,,,273,27399,8.940695406245425e-10,1.0,1.0,1.0,1.0,,,,,
0.0,1.0,1.0,1.0,1.0,274,27499,,,,,,,,,,
,,,,,274,27499,0.0,1.0,1.0,1.0,1.0,,,,,
0.0,1.0,1.0,1.0,1.0,275,27599,,,,,,,,,,
,,,,,275,27599,0.0,1.0,1.0,1.0,1.0,,,,,
0.0,1.0,1.0,1.0,1.0,276,27699,,,,,,,,,,
,,,,,276,27699,0.0,1.0,1.0,1.0,1.0,,,,,
0.0,1.0,1.0,1.0,1.0,277,27799,,,,,,,,,,
,,,,,277,27799,1.490116086078075e-10,1.0,1.0,1.0,1.0,,,,,
0.0,1.0,1.0,1.0,1.0,278,27899,,,,,,,,,,
,,,,,278,27899,0.0,1.0,1.0,1.0,1.0,,,,,
0.0,1.0,1.0,1.0,1.0,279,27999,,,,,,,,,,
,,,,,279,27999,1.490116086078075e-10,1.0,1.0,1.0,1.0,,,,,
0.0,1.0,1.0,1.0,1.0,280,28099,,,,,,,,,,
,,,,,280,28099,0.0,1.0,1.0,1.0,1.0,,,,,
0.0,1.0,1.0,1.0,1.0,281,28199,,,,,,,,,,
,,,,,281,28199,0.0,1.0,1.0,1.0,1.0,,,,,
0.0,1.0,1.0,1.0,1.0,282,28299,,,,,,,,,,
,,,,,282,28299,0.0,1.0,1.0,1.0,1.0,,,,,
0.0,1.0,1.0,1.0,1.0,283,28399,,,,,,,,,,
,,,,,283,28399,0.0,1.0,1.0,1.0,1.0,,,,,
0.0,1.0,1.0,1.0,1.0,284,28499,,,,,,,,,,
,,,,,284,28499,0.0,1.0,1.0,1.0,1.0,,,,,
0.0,1.0,1.0,1.0,1.0,285,28599,,,,,,,,,,
,,,,,285,28599,0.0,1.0,1.0,1.0,1.0,,,,,
0.0,1.0,1.0,1.0,1.0,286,28699,,,,,,,,,,
,,,,,286,28699,2.98023217215615e-10,1.0,1.0,1.0,1.0,,,,,
0.0,1.0,1.0,1.0,1.0,287,28799,,,,,,,,,,
,,,,,287,28799,0.0,1.0,1.0,1.0,1.0,,,,,
0.0,1.0,1.0,1.0,1.0,288,28899,,,,,,,,,,
,,,,,288,28899,0.0,1.0,1.0,1.0,1.0,,,,,
0.0,1.0,1.0,1.0,1.0,289,28999,,,,,,,,,,
,,,,,289,28999,1.490116086078075e-10,1.0,1.0,1.0,1.0,,,,,
0.0,1.0,1.0,1.0,1.0,290,29099,,,,,,,,,,
,,,,,290,29099,0.0,1.0,1.0,1.0,1.0,,,,,
0.0,1.0,1.0,1.0,1.0,291,29199,,,,,,,,,,
,,,,,291,29199,2.9802318946003936e-10,1.0,1.0,1.0,1.0,,,,,
0.0,1.0,1.0,1.0,1.0,292,29299,,,,,,,,,,
,,,,,292,29299,1.490116086078075e-10,1.0,1.0,1.0,1.0,,,,,
0.0,1.0,1.0,1.0,1.0,293,29399,,,,,,,,,,
,,,,,293,29399,0.0,1.0,1.0,1.0,1.0,,,,,
0.0,1.0,1.0,1.0,1.0,294,29499,,,,,,,,,,
,,,,,294,29499,0.0,1.0,1.0,1.0,1.0,,,,,
0.0,1.0,1.0,1.0,1.0,295,29599,,,,,,,,,,
,,,,,295,29599,0.0,1.0,1.0,1.0,1.0,,,,,
0.0,1.0,1.0,1.0,1.0,296,29699,,,,,,,,,,
,,,,,296,29699,0.0,1.0,1.0,1.0,1.0,,,,,
0.0,1.0,1.0,1.0,1.0,297,29799,,,,,,,,,,
,,,,,297,29799,0.0,1.0,1.0,1.0,1.0,,,,,
0.0,1.0,1.0,1.0,1.0,298,29899,,,,,,,,,,
,,,,,298,29899,0.0,1.0,1.0,1.0,1.0,,,,,
0.0,1.0,1.0,1.0,1.0,299,29999,,,,,,,,,,
,,,,,299,29999,0.0,1.0,1.0,1.0,1.0,,,,,
0.0,1.0,1.0,1.0,1.0,300,30099,,,,,,,,,,
,,,,,300,30099,0.0,1.0,1.0,1.0,1.0,,,,,
0.0,1.0,1.0,1.0,1.0,301,30199,,,,,,,,,,
,,,,,301,30199,0.0,1.0,1.0,1.0,1.0,,,,,
0.0,1.0,1.0,1.0,1.0,302,30299,,,,,,,,,,
,,,,,302,30299,0.0,1.0,1.0,1.0,1.0,,,,,
0.0,1.0,1.0,1.0,1.0,303,30399,,,,,,,,,,
,,,,,303,30399,0.0,1.0,1.0,1.0,1.0,,,,,
0.0,1.0,1.0,1.0,1.0,304,30499,,,,,,,,,,
,,,,,304,30499,1.490116086078075e-10,1.0,1.0,1.0,1.0,,,,,
0.0,1.0,1.0,1.0,1.0,305,30599,,,,,,,,,,
,,,,,305,30599,0.0,1.0,1.0,1.0,1.0,,,,,
0.0,1.0,1.0,1.0,1.0,306,30699,,,,,,,,,,
,,,,,306,30699,0.0,1.0,1.0,1.0,1.0,,,,,
0.0,1.0,1.0,1.0,1.0,307,30799,,,,,,,,,,
,,,,,307,30799,0.0,1.0,1.0,1.0,1.0,,,,,
0.0,1.0,1.0,1.0,1.0,308,30899,,,,,,,,,,
,,,,,308,30899,0.0,1.0,1.0,1.0,1.0,,,,,
0.0,1.0,1.0,1.0,1.0,309,30999,,,,,,,,,,
,,,,,309,30999,0.0,1.0,1.0,1.0,1.0,,,,,
0.0,1.0,1.0,1.0,1.0,310,31099,,,,,,,,,,
,,,,,310,31099,1.490116086078075e-10,1.0,1.0,1.0,1.0,,,,,
0.0,1.0,1.0,1.0,1.0,311,31199,,,,,,,,,,
,,,,,311,31199,0.0,1.0,1.0,1.0,1.0,,,,,
0.0,1.0,1.0,1.0,1.0,312,31299,,,,,,,,,,
,,,,,312,31299,0.0,1.0,1.0,1.0,1.0,,,,,
0.0,1.0,1.0,1.0,1.0,313,31399,,,,,,,,,,
,,,,,313,31399,0.0,1.0,1.0,1.0,1.0,,,,,
0.0,1.0,1.0,1.0,1.0,314,31499,,,,,,,,,,
,,,,,314,31499,0.0,1.0,1.0,1.0,1.0,,,,,
0.0,1.0,1.0,1.0,1.0,315,31599,,,,,,,,,,
,,,,,315,31599,0.0,1.0,1.0,1.0,1.0,,,,,
0.0,1.0,1.0,1.0,1.0,316,31699,,,,,,,,,,
,,,,,316,31699,0.0,1.0,1.0,1.0,1.0,,,,,
0.0,1.0,1.0,1.0,1.0,317,31799,,,,,,,,,,
,,,,,317,31799,0.0,1.0,1.0,1.0,1.0,,,,,
0.0,1.0,1.0,1.0,1.0,318,31899,,,,,,,,,,
,,,,,318,31899,1.490116086078075e-10,1.0,1.0,1.0,1.0,,,,,
0.0,1.0,1.0,1.0,1.0,319,31999,,,,,,,,,,
,,,,,319,31999,1.490116086078075e-10,1.0,1.0,1.0,1.0,,,,,
0.0,1.0,1.0,1.0,1.0,320,32099,,,,,,,,,,
,,,,,320,32099,0.0,1.0,1.0,1.0,1.0,,,,,
0.0,1.0,1.0,1.0,1.0,321,32199,,,,,,,,,,
,,,,,321,32199,0.0,1.0,1.0,1.0,1.0,,,,,
0.0,1.0,1.0,1.0,1.0,322,32299,,,,,,,,,,
,,,,,322,32299,0.0,1.0,1.0,1.0,1.0,,,,,
0.0,1.0,1.0,1.0,1.0,323,32399,,,,,,,,,,
,,,,,323,32399,0.0,1.0,1.0,1.0,1.0,,,,,
0.0,1.0,1.0,1.0,1.0,324,32499,,,,,,,,,,
,,,,,324,32499,0.0,1.0,1.0,1.0,1.0,,,,,
0.0,1.0,1.0,1.0,1.0,325,32599,,,,,,,,,,
,,,,,325,32599,0.0,1.0,1.0,1.0,1.0,,,,,
0.0,1.0,1.0,1.0,1.0,326,32699,,,,,,,,,,
,,,,,326,32699,0.0,1.0,1.0,1.0,1.0,,,,,
0.0,1.0,1.0,1.0,1.0,327,32799,,,,,,,,,,
,,,,,327,32799,0.0,1.0,1.0,1.0,1.0,,,,,
0.0,1.0,1.0,1.0,1.0,328,32899,,,,,,,,,,
,,,,,328,32899,0.0,1.0,1.0,1.0,1.0,,,,,
0.0,1.0,1.0,1.0,1.0,329,32999,,,,,,,,,,
,,,,,329,32999,0.0,1.0,1.0,1.0,1.0,,,,,
0.0,1.0,1.0,1.0,1.0,330,33099,,,,,,,,,,
,,,,,330,33099,0.0,1.0,1.0,1.0,1.0,,,,,
0.0,1.0,1.0,1.0,1.0,331,33199,,,,,,,,,,
,,,,,331,33199,0.0,1.0,1.0,1.0,1.0,,,,,
0.0,1.0,1.0,1.0,1.0,332,33299,,,,,,,,,,
,,,,,332,33299,0.0,1.0,1.0,1.0,1.0,,,,,
0.0,1.0,1.0,1.0,1.0,333,33399,,,,,,,,,,
,,,,,333,33399,0.0,1.0,1.0,1.0,1.0,,,,,
0.0,1.0,1.0,1.0,1.0,334,33499,,,,,,,,,,
,,,,,334,33499,0.0,1.0,1.0,1.0,1.0,,,,,
0.0,1.0,1.0,1.0,1.0,335,33599,,,,,,,,,,
,,,,,335,33599,0.0,1.0,1.0,1.0,1.0,,,,,
0.0,1.0,1.0,1.0,1.0,336,33699,,,,,,,,,,
,,,,,336,33699,0.0,1.0,1.0,1.0,1.0,,,,,
0.0,1.0,1.0,1.0,1.0,337,33799,,,,,,,,,,
,,,,,337,33799,0.0,1.0,1.0,1.0,1.0,,,,,
0.0,1.0,1.0,1.0,1.0,338,33899,,,,,,,,,,
,,,,,338,33899,0.0,1.0,1.0,1.0,1.0,,,,,
0.0,1.0,1.0,1.0,1.0,339,33999,,,,,,,,,,
,,,,,339,33999,0.0,1.0,1.0,1.0,1.0,,,,,
0.0,1.0,1.0,1.0,1.0,340,34099,,,,,,,,,,
,,,,,340,34099,0.0,1.0,1.0,1.0,1.0,,,,,
0.0,1.0,1.0,1.0,1.0,341,34199,,,,,,,,,,
,,,,,341,34199,0.0,1.0,1.0,1.0,1.0,,,,,
0.0,1.0,1.0,1.0,1.0,342,34299,,,,,,,,,,
,,,,,342,34299,0.0,1.0,1.0,1.0,1.0,,,,,
0.0,1.0,1.0,1.0,1.0,343,34399,,,,,,,,,,
,,,,,343,34399,2.9802318946003936e-10,1.0,1.0,1.0,1.0,,,,,
0.0,1.0,1.0,1.0,1.0,344,34499,,,,,,,,,,
,,,,,344,34499,0.0,1.0,1.0,1.0,1.0,,,,,
0.0,1.0,1.0,1.0,1.0,345,34599,,,,,,,,,,
,,,,,345,34599,0.0,1.0,1.0,1.0,1.0,,,,,
0.0,1.0,1.0,1.0,1.0,346,34699,,,,,,,,,,
,,,,,346,34699,0.0,1.0,1.0,1.0,1.0,,,,,
0.0,1.0,1.0,1.0,1.0,347,34799,,,,,,,,,,
,,,,,347,34799,0.0,1.0,1.0,1.0,1.0,,,,,
0.0,1.0,1.0,1.0,1.0,348,34899,,,,,,,,,,
,,,,,348,34899,0.0,1.0,1.0,1.0,1.0,,,,,
0.0,1.0,1.0,1.0,1.0,349,34999,,,,,,,,,,
,,,,,349,34999,1.490116086078075e-10,1.0,1.0,1.0,1.0,,,,,
0.0,1.0,1.0,1.0,1.0,350,35099,,,,,,,,,,
,,,,,350,35099,1.490116086078075e-10,1.0,1.0,1.0,1.0,,,,,
0.0,1.0,1.0,1.0,1.0,351,35199,,,,,,,,,,
,,,,,351,35199,0.0,1.0,1.0,1.0,1.0,,,,,
0.0,1.0,1.0,1.0,1.0,352,35299,,,,,,,,,,
,,,,,352,35299,0.0,1.0,1.0,1.0,1.0,,,,,
0.0,1.0,1.0,1.0,1.0,353,35399,,,,,,,,,,
,,,,,353,35399,0.0,1.0,1.0,1.0,1.0,,,,,
0.0,1.0,1.0,1.0,1.0,354,35499,,,,,,,,,,
,,,,,354,35499,0.0,1.0,1.0,1.0,1.0,,,,,
0.0,1.0,1.0,1.0,1.0,355,35599,,,,,,,,,,
,,,,,355,35599,0.0,1.0,1.0,1.0,1.0,,,,,
0.0,1.0,1.0,1.0,1.0,356,35699,,,,,,,,,,
,,,,,356,35699,0.0,1.0,1.0,1.0,1.0,,,,,
0.0,1.0,1.0,1.0,1.0,357,35799,,,,,,,,,,
,,,,,357,35799,0.0,1.0,1.0,1.0,1.0,,,,,
0.0,1.0,1.0,1.0,1.0,358,35899,,,,,,,,,,
,,,,,358,35899,0.0,1.0,1.0,1.0,1.0,,,,,
0.0,1.0,1.0,1.0,1.0,359,35999,,,,,,,,,,
,,,,,359,35999,0.0,1.0,1.0,1.0,1.0,,,,,
0.0,1.0,1.0,1.0,1.0,360,36099,,,,,,,,,,
,,,,,360,36099,0.0,1.0,1.0,1.0,1.0,,,,,
0.0,1.0,1.0,1.0,1.0,361,36199,,,,,,,,,,
,,,,,361,36199,0.0,1.0,1.0,1.0,1.0,,,,,
0.0,1.0,1.0,1.0,1.0,362,36299,,,,,,,,,,
,,,,,362,36299,1.490116086078075e-10,1.0,1.0,1.0,1.0,,,,,
0.0,1.0,1.0,1.0,1.0,363,36399,,,,,,,,,,
,,,,,363,36399,0.0,1.0,1.0,1.0,1.0,,,,,
0.0,1.0,1.0,1.0,1.0,364,36499,,,,,,,,,,
,,,,,364,36499,0.0,1.0,1.0,1.0,1.0,,,,,
0.0,1.0,1.0,1.0,1.0,365,36599,,,,,,,,,,
,,,,,365,36599,0.0,1.0,1.0,1.0,1.0,,,,,
0.0,1.0,1.0,1.0,1.0,366,36699,,,,,,,,,,
,,,,,366,36699,0.0,1.0,1.0,1.0,1.0,,,,,
0.0,1.0,1.0,1.0,1.0,367,36799,,,,,,,,,,
,,,,,367,36799,0.0,1.0,1.0,1.0,1.0,,,,,
0.0,1.0,1.0,1.0,1.0,368,36899,,,,,,,,,,
,,,,,368,36899,0.0,1.0,1.0,1.0,1.0,,,,,
0.0,1.0,1.0,1.0,1.0,369,36999,,,,,,,,,,
,,,,,369,36999,0.0,1.0,1.0,1.0,1.0,,,,,
0.0,1.0,1.0,1.0,1.0,370,37099,,,,,,,,,,
,,,,,370,37099,0.0,1.0,1.0,1.0,1.0,,,,,
0.0,1.0,1.0,1.0,1.0,371,37199,,,,,,,,,,
,,,,,371,37199,0.0,1.0,1.0,1.0,1.0,,,,,
0.0,1.0,1.0,1.0,1.0,372,37299,,,,,,,,,,
,,,,,372,37299,0.0,1.0,1.0,1.0,1.0,,,,,
0.0,1.0,1.0,1.0,1.0,373,37399,,,,,,,,,,
,,,,,373,37399,0.0,1.0,1.0,1.0,1.0,,,,,
0.0,1.0,1.0,1.0,1.0,374,37499,,,,,,,,,,
,,,,,374,37499,1.490116086078075e-10,1.0,1.0,1.0,1.0,,,,,
0.0,1.0,1.0,1.0,1.0,375,37599,,,,,,,,,,
,,,,,375,37599,0.0,1.0,1.0,1.0,1.0,,,,,
0.0,1.0,1.0,1.0,1.0,376,37699,,,,,,,,,,
,,,,,376,37699,0.0,1.0,1.0,1.0,1.0,,,,,
0.0,1.0,1.0,1.0,1.0,377,37799,,,,,,,,,,
,,,,,377,37799,0.0,1.0,1.0,1.0,1.0,,,,,
0.0,1.0,1.0,1.0,1.0,378,37899,,,,,,,,,,
,,,,,378,37899,0.0,1.0,1.0,1.0,1.0,,,,,
0.0,1.0,1.0,1.0,1.0,379,37999,,,,,,,,,,
,,,,,379,37999,0.0,1.0,1.0,1.0,1.0,,,,,
0.0,1.0,1.0,1.0,1.0,380,38099,,,,,,,,,,
,,,,,380,38099,0.0,1.0,1.0,1.0,1.0,,,,,
0.0,1.0,1.0,1.0,1.0,381,38199,,,,,,,,,,
,,,,,381,38199,0.0,1.0,1.0,1.0,1.0,,,,,
0.0,1.0,1.0,1.0,1.0,382,38299,,,,,,,,,,
,,,,,382,38299,0.0,1.0,1.0,1.0,1.0,,,,,
0.0,1.0,1.0,1.0,1.0,383,38399,,,,,,,,,,
,,,,,383,38399,0.0,1.0,1.0,1.0,1.0,,,,,
0.0,1.0,1.0,1.0,1.0,384,38499,,,,,,,,,,
,,,,,384,38499,0.0,1.0,1.0,1.0,1.0,,,,,
0.0,1.0,1.0,1.0,1.0,385,38599,,,,,,,,,,
,,,,,385,38599,0.0,1.0,1.0,1.0,1.0,,,,,
0.0,1.0,1.0,1.0,1.0,386,38699,,,,,,,,,,
,,,,,386,38699,1.490116086078075e-10,1.0,1.0,1.0,1.0,,,,,
0.0,1.0,1.0,1.0,1.0,387,38799,,,,,,,,,,
,,,,,387,38799,0.0,1.0,1.0,1.0,1.0,,,,,
0.0,1.0,1.0,1.0,1.0,388,38899,,,,,,,,,,
,,,,,388,38899,0.0,1.0,1.0,1.0,1.0,,,,,
0.0,1.0,1.0,1.0,1.0,389,38999,,,,,,,,,,
,,,,,389,38999,0.0,1.0,1.0,1.0,1.0,,,,,
0.0,1.0,1.0,1.0,1.0,390,39099,,,,,,,,,,
,,,,,390,39099,0.0,1.0,1.0,1.0,1.0,,,,,
0.0,1.0,1.0,1.0,1.0,391,39199,,,,,,,,,,
,,,,,391,39199,0.0,1.0,1.0,1.0,1.0,,,,,
0.0,1.0,1.0,1.0,1.0,392,39299,,,,,,,,,,
,,,,,392,39299,0.0,1.0,1.0,1.0,1.0,,,,,
0.0,1.0,1.0,1.0,1.0,393,39399,,,,,,,,,,
,,,,,393,39399,0.0,1.0,1.0,1.0,1.0,,,,,
0.0,1.0,1.0,1.0,1.0,394,39499,,,,,,,,,,
,,,,,394,39499,0.0,1.0,1.0,1.0,1.0,,,,,
0.0,1.0,1.0,1.0,1.0,395,39599,,,,,,,,,,
,,,,,395,39599,0.0,1.0,1.0,1.0,1.0,,,,,
0.0,1.0,1.0,1.0,1.0,396,39699,,,,,,,,,,
,,,,,396,39699,2.98023217215615e-10,1.0,1.0,1.0,1.0,,,,,
0.0,1.0,1.0,1.0,1.0,397,39799,,,,,,,,,,
,,,,,397,39799,0.0,1.0,1.0,1.0,1.0,,,,,
0.0,1.0,1.0,1.0,1.0,398,39899,,,,,,,,,,
,,,,,398,39899,0.0,1.0,1.0,1.0,1.0,,,,,
0.0,1.0,1.0,1.0,1.0,399,39999,,,,,,,,,,
,,,,,399,39999,0.0,1.0,1.0,1.0,1.0,,,,,
0.0,1.0,1.0,1.0,1.0,400,40099,,,,,,,,,,
,,,,,400,40099,0.0,1.0,1.0,1.0,1.0,,,,,
0.0,1.0,1.0,1.0,1.0,401,40199,,,,,,,,,,
,,,,,401,40199,0.0,1.0,1.0,1.0,1.0,,,,,
0.0,1.0,1.0,1.0,1.0,402,40299,,,,,,,,,,
,,,,,402,40299,0.0,1.0,1.0,1.0,1.0,,,,,
0.0,1.0,1.0,1.0,1.0,403,40399,,,,,,,,,,
,,,,,403,40399,0.0,1.0,1.0,1.0,1.0,,,,,
0.0,1.0,1.0,1.0,1.0,404,40499,,,,,,,,,,
,,,,,404,40499,0.0,1.0,1.0,1.0,1.0,,,,,
0.0,1.0,1.0,1.0,1.0,405,40599,,,,,,,,,,
,,,,,405,40599,0.0,1.0,1.0,1.0,1.0,,,,,
0.0,1.0,1.0,1.0,1.0,406,40699,,,,,,,,,,
,,,,,406,40699,0.0,1.0,1.0,1.0,1.0,,,,,
0.0,1.0,1.0,1.0,1.0,407,40799,,,,,,,,,,
,,,,,407,40799,0.0,1.0,1.0,1.0,1.0,,,,,
0.0,1.0,1.0,1.0,1.0,408,40899,,,,,,,,,,
,,,,,408,40899,0.0,1.0,1.0,1.0,1.0,,,,,
0.0,1.0,1.0,1.0,1.0,409,40999,,,,,,,,,,
,,,,,409,40999,0.0,1.0,1.0,1.0,1.0,,,,,
0.0,1.0,1.0,1.0,1.0,410,41099,,,,,,,,,,
,,,,,410,41099,1.490116086078075e-10,1.0,1.0,1.0,1.0,,,,,
0.0,1.0,1.0,1.0,1.0,411,41199,,,,,,,,,,
,,,,,411,41199,0.0,1.0,1.0,1.0,1.0,,,,,
0.0,1.0,1.0,1.0,1.0,412,41299,,,,,,,,,,
,,,,,412,41299,0.0,1.0,1.0,1.0,1.0,,,,,
0.0,1.0,1.0,1.0,1.0,413,41399,,,,,,,,,,
,,,,,413,41399,0.0,1.0,1.0,1.0,1.0,,,,,
0.0,1.0,1.0,1.0,1.0,414,41499,,,,,,,,,,
,,,,,414,41499,0.0,1.0,1.0,1.0,1.0,,,,,
0.0,1.0,1.0,1.0,1.0,415,41599,,,,,,,,,,
,,,,,415,41599,0.0,1.0,1.0,1.0,1.0,,,,,
0.0,1.0,1.0,1.0,1.0,416,41699,,,,,,,,,,
,,,,,416,41699,0.0,1.0,1.0,1.0,1.0,,,,,
0.0,1.0,1.0,1.0,1.0,417,41799,,,,,,,,,,
,,,,,417,41799,0.0,1.0,1.0,1.0,1.0,,,,,
0.0,1.0,1.0,1.0,1.0,418,41899,,,,,,,,,,
,,,,,418,41899,0.0,1.0,1.0,1.0,1.0,,,,,
0.0,1.0,1.0,1.0,1.0,419,41999,,,,,,,,,,
,,,,,419,41999,0.0,1.0,1.0,1.0,1.0,,,,,
0.0,1.0,1.0,1.0,1.0,420,42099,,,,,,,,,,
,,,,,420,42099,0.0,1.0,1.0,1.0,1.0,,,,,
0.0,1.0,1.0,1.0,1.0,421,42199,,,,,,,,,,
,,,,,421,42199,0.0,1.0,1.0,1.0,1.0,,,,,
0.0,1.0,1.0,1.0,1.0,422,42299,,,,,,,,,,
,,,,,422,42299,0.0,1.0,1.0,1.0,1.0,,,,,
0.0,1.0,1.0,1.0,1.0,423,42399,,,,,,,,,,
,,,,,423,42399,0.0,1.0,1.0,1.0,1.0,,,,,
0.0,1.0,1.0,1.0,1.0,424,42499,,,,,,,,,,
,,,,,424,42499,0.0,1.0,1.0,1.0,1.0,,,,,
0.0,1.0,1.0,1.0,1.0,425,42599,,,,,,,,,,
,,,,,425,42599,0.0,1.0,1.0,1.0,1.0,,,,,
0.0,1.0,1.0,1.0,1.0,426,42699,,,,,,,,,,
,,,,,426,42699,0.0,1.0,1.0,1.0,1.0,,,,,
0.0,1.0,1.0,1.0,1.0,427,42799,,,,,,,,,,
,,,,,427,42799,0.0,1.0,1.0,1.0,1.0,,,,,
0.0,1.0,1.0,1.0,1.0,428,42899,,,,,,,,,,
,,,,,428,42899,0.0,1.0,1.0,1.0,1.0,,,,,
0.0,1.0,1.0,1.0,1.0,429,42999,,,,,,,,,,
,,,,,429,42999,0.0,1.0,1.0,1.0,1.0,,,,,
0.0,1.0,1.0,1.0,1.0,430,43099,,,,,,,,,,
,,,,,430,43099,0.0,1.0,1.0,1.0,1.0,,,,,
0.0,1.0,1.0,1.0,1.0,431,43199,,,,,,,,,,
,,,,,431,43199,0.0,1.0,1.0,1.0,1.0,,,,,
0.0,1.0,1.0,1.0,1.0,432,43299,,,,,,,,,,
,,,,,432,43299,0.0,1.0,1.0,1.0,1.0,,,,,
0.0,1.0,1.0,1.0,1.0,433,43399,,,,,,,,,,
,,,,,433,43399,0.0,1.0,1.0,1.0,1.0,,,,,
0.0,1.0,1.0,1.0,1.0,434,43499,,,,,,,,,,
,,,,,434,43499,0.0,1.0,1.0,1.0,1.0,,,,,
0.0,1.0,1.0,1.0,1.0,435,43599,,,,,,,,,,
,,,,,435,43599,0.0,1.0,1.0,1.0,1.0,,,,,
0.0,1.0,1.0,1.0,1.0,436,43699,,,,,,,,,,
,,,,,436,43699,0.0,1.0,1.0,1.0,1.0,,,,,
0.0,1.0,1.0,1.0,1.0,437,43799,,,,,,,,,,
,,,,,437,43799,0.0,1.0,1.0,1.0,1.0,,,,,
0.0,1.0,1.0,1.0,1.0,438,43899,,,,,,,,,,
,,,,,438,43899,0.0,1.0,1.0,1.0,1.0,,,,,
0.0,1.0,1.0,1.0,1.0,439,43999,,,,,,,,,,
,,,,,439,43999,0.0,1.0,1.0,1.0,1.0,,,,,
0.0,1.0,1.0,1.0,1.0,440,44099,,,,,,,,,,
,,,,,440,44099,0.0,1.0,1.0,1.0,1.0,,,,,
0.0,1.0,1.0,1.0,1.0,441,44199,,,,,,,,,,
,,,,,441,44199,0.0,1.0,1.0,1.0,1.0,,,,,
0.0,1.0,1.0,1.0,1.0,442,44299,,,,,,,,,,
,,,,,442,44299,0.0,1.0,1.0,1.0,1.0,,,,,
0.0,1.0,1.0,1.0,1.0,443,44399,,,,,,,,,,
,,,,,443,44399,0.0,1.0,1.0,1.0,1.0,,,,,
0.0,1.0,1.0,1.0,1.0,444,44499,,,,,,,,,,
,,,,,444,44499,0.0,1.0,1.0,1.0,1.0,,,,,
0.0,1.0,1.0,1.0,1.0,445,44599,,,,,,,,,,
,,,,,445,44599,0.0,1.0,1.0,1.0,1.0,,,,,
0.0,1.0,1.0,1.0,1.0,446,44699,,,,,,,,,,
,,,,,446,44699,0.0,1.0,1.0,1.0,1.0,,,,,
0.0,1.0,1.0,1.0,1.0,447,44799,,,,,,,,,,
,,,,,447,44799,0.0,1.0,1.0,1.0,1.0,,,,,
0.0,1.0,1.0,1.0,1.0,448,44899,,,,,,,,,,
,,,,,448,44899,0.0,1.0,1.0,1.0,1.0,,,,,
0.0,1.0,1.0,1.0,1.0,449,44999,,,,,,,,,,
,,,,,449,44999,0.0,1.0,1.0,1.0,1.0,,,,,
0.0,1.0,1.0,1.0,1.0,450,45099,,,,,,,,,,
,,,,,450,45099,1.490116086078075e-10,1.0,1.0,1.0,1.0,,,,,
0.0,1.0,1.0,1.0,1.0,451,45199,,,,,,,,,,
,,,,,451,45199,0.0,1.0,1.0,1.0,1.0,,,,,
0.0,1.0,1.0,1.0,1.0,452,45299,,,,,,,,,,
,,,,,452,45299,0.0,1.0,1.0,1.0,1.0,,,,,
0.0,1.0,1.0,1.0,1.0,453,45399,,,,,,,,,,
,,,,,453,45399,0.0,1.0,1.0,1.0,1.0,,,,,
0.0,1.0,1.0,1.0,1.0,454,45499,,,,,,,,,,
,,,,,454,45499,0.0,1.0,1.0,1.0,1.0,,,,,
0.0,1.0,1.0,1.0,1.0,455,45599,,,,,,,,,,
,,,,,455,45599,0.0,1.0,1.0,1.0,1.0,,,,,
0.0,1.0,1.0,1.0,1.0,456,45699,,,,,,,,,,
,,,,,456,45699,1.490116086078075e-10,1.0,1.0,1.0,1.0,,,,,
0.0,1.0,1.0,1.0,1.0,457,45799,,,,,,,,,,
,,,,,457,45799,0.0,1.0,1.0,1.0,1.0,,,,,
0.0,1.0,1.0,1.0,1.0,458,45899,,,,,,,,,,
,,,,,458,45899,0.0,1.0,1.0,1.0,1.0,,,,,
0.0,1.0,1.0,1.0,1.0,459,45999,,,,,,,,,,
,,,,,459,45999,0.0,1.0,1.0,1.0,1.0,,,,,
0.0,1.0,1.0,1.0,1.0,460,46099,,,,,,,,,,
,,,,,460,46099,0.0,1.0,1.0,1.0,1.0,,,,,
0.0,1.0,1.0,1.0,1.0,461,46199,,,,,,,,,,
,,,,,461,46199,0.0,1.0,1.0,1.0,1.0,,,,,
0.0,1.0,1.0,1.0,1.0,462,46299,,,,,,,,,,
,,,,,462,46299,0.0,1.0,1.0,1.0,1.0,,,,,
0.0,1.0,1.0,1.0,1.0,463,46399,,,,,,,,,,
,,,,,463,46399,0.0,1.0,1.0,1.0,1.0,,,,,
0.0,1.0,1.0,1.0,1.0,464,46499,,,,,,,,,,
,,,,,464,46499,0.0,1.0,1.0,1.0,1.0,,,,,
0.0,1.0,1.0,1.0,1.0,465,46599,,,,,,,,,,
,,,,,465,46599,0.0,1.0,1.0,1.0,1.0,,,,,
0.0,1.0,1.0,1.0,1.0,466,46699,,,,,,,,,,
,,,,,466,46699,0.0,1.0,1.0,1.0,1.0,,,,,
0.0,1.0,1.0,1.0,1.0,467,46799,,,,,,,,,,
,,,,,467,46799,0.0,1.0,1.0,1.0,1.0,,,,,
0.0,1.0,1.0,1.0,1.0,468,46899,,,,,,,,,,
,,,,,468,46899,0.0,1.0,1.0,1.0,1.0,,,,,
0.0,1.0,1.0,1.0,1.0,469,46999,,,,,,,,,,
,,,,,469,46999,0.0,1.0,1.0,1.0,1.0,,,,,
0.0,1.0,1.0,1.0,1.0,470,47099,,,,,,,,,,
,,,,,470,47099,0.0,1.0,1.0,1.0,1.0,,,,,
0.0,1.0,1.0,1.0,1.0,471,47199,,,,,,,,,,
,,,,,471,47199,4.4703477031227123e-10,1.0,1.0,1.0,1.0,,,,,
0.0,1.0,1.0,1.0,1.0,472,47299,,,,,,,,,,
,,,,,472,47299,0.0,1.0,1.0,1.0,1.0,,,,,
0.0,1.0,1.0,1.0,1.0,473,47399,,,,,,,,,,
,,,,,473,47399,1.490116086078075e-10,1.0,1.0,1.0,1.0,,,,,
0.0,1.0,1.0,1.0,1.0,474,47499,,,,,,,,,,
,,,,,474,47499,0.0,1.0,1.0,1.0,1.0,,,,,
0.0,1.0,1.0,1.0,1.0,475,47599,,,,,,,,,,
,,,,,475,47599,0.0,1.0,1.0,1.0,1.0,,,,,
0.0,1.0,1.0,1.0,1.0,476,47699,,,,,,,,,,
,,,,,476,47699,0.0,1.0,1.0,1.0,1.0,,,,,
0.0,1.0,1.0,1.0,1.0,477,47799,,,,,,,,,,
,,,,,477,47799,0.0,1.0,1.0,1.0,1.0,,,,,
0.0,1.0,1.0,1.0,1.0,478,47899,,,,,,,,,,
,,,,,478,47899,0.0,1.0,1.0,1.0,1.0,,,,,
0.0,1.0,1.0,1.0,1.0,479,47999,,,,,,,,,,
,,,,,479,47999,0.0,1.0,1.0,1.0,1.0,,,,,
0.0,1.0,1.0,1.0,1.0,480,48099,,,,,,,,,,
,,,,,480,48099,0.0,1.0,1.0,1.0,1.0,,,,,
0.0,1.0,1.0,1.0,1.0,481,48199,,,,,,,,,,
,,,,,481,48199,0.0,1.0,1.0,1.0,1.0,,,,,
0.0,1.0,1.0,1.0,1.0,482,48299,,,,,,,,,,
,,,,,482,48299,0.0,1.0,1.0,1.0,1.0,,,,,
0.0,1.0,1.0,1.0,1.0,483,48399,,,,,,,,,,
,,,,,483,48399,0.0,1.0,1.0,1.0,1.0,,,,,
0.0,1.0,1.0,1.0,1.0,484,48499,,,,,,,,,,
,,,,,484,48499,0.0,1.0,1.0,1.0,1.0,,,,,
0.0,1.0,1.0,1.0,1.0,485,48599,,,,,,,,,,
,,,,,485,48599,0.0,1.0,1.0,1.0,1.0,,,,,
0.0,1.0,1.0,1.0,1.0,486,48699,,,,,,,,,,
,,,,,486,48699,0.0,1.0,1.0,1.0,1.0,,,,,
0.0,1.0,1.0,1.0,1.0,487,48799,,,,,,,,,,
,,,,,487,48799,0.0,1.0,1.0,1.0,1.0,,,,,
0.0,1.0,1.0,1.0,1.0,488,48899,,,,,,,,,,
,,,,,488,48899,0.0,1.0,1.0,1.0,1.0,,,,,
0.0,1.0,1.0,1.0,1.0,489,48999,,,,,,,,,,
,,,,,489,48999,0.0,1.0,1.0,1.0,1.0,,,,,
0.0,1.0,1.0,1.0,1.0,490,49099,,,,,,,,,,
,,,,,490,49099,0.0,1.0,1.0,1.0,1.0,,,,,
0.0,1.0,1.0,1.0,1.0,491,49199,,,,,,,,,,
,,,,,491,49199,0.0,1.0,1.0,1.0,1.0,,,,,
0.0,1.0,1.0,1.0,1.0,492,49299,,,,,,,,,,
,,,,,492,49299,0.0,1.0,1.0,1.0,1.0,,,,,
0.0,1.0,1.0,1.0,1.0,493,49399,,,,,,,,,,
,,,,,493,49399,0.0,1.0,1.0,1.0,1.0,,,,,
0.0,1.0,1.0,1.0,1.0,494,49499,,,,,,,,,,
,,,,,494,49499,0.0,1.0,1.0,1.0,1.0,,,,,
0.0,1.0,1.0,1.0,1.0,495,49599,,,,,,,,,,
,,,,,495,49599,0.0,1.0,1.0,1.0,1.0,,,,,
0.0,1.0,1.0,1.0,1.0,496,49699,,,,,,,,,,
,,,,,496,49699,0.0,1.0,1.0,1.0,1.0,,,,,
0.0,1.0,1.0,1.0,1.0,497,49799,,,,,,,,,,
,,,,,497,49799,0.0,1.0,1.0,1.0,1.0,,,,,
0.0,1.0,1.0,1.0,1.0,498,49899,,,,,,,,,,
,,,,,498,49899,0.0,1.0,1.0,1.0,1.0,,,,,
0.0,1.0,1.0,1.0,1.0,499,49999,,,,,,,,,,
,,,,,499,49999,1.490116086078075e-10,1.0,1.0,1.0,1.0,,,,,
0.0,1.0,1.0,1.0,1.0,500,50099,,,,,,,,,,
,,,,,500,50099,0.0,1.0,1.0,1.0,1.0,,,,,
0.0,1.0,1.0,1.0,1.0,501,50199,,,,,,,,,,
,,,,,501,50199,0.0,1.0,1.0,1.0,1.0,,,,,
0.0,1.0,1.0,1.0,1.0,502,50299,,,,,,,,,,
,,,,,502,50299,0.0,1.0,1.0,1.0,1.0,,,,,
0.0,1.0,1.0,1.0,1.0,503,50399,,,,,,,,,,
,,,,,503,50399,0.0,1.0,1.0,1.0,1.0,,,,,
0.0,1.0,1.0,1.0,1.0,504,50499,,,,,,,,,,
,,,,,504,50499,0.0,1.0,1.0,1.0,1.0,,,,,
0.0,1.0,1.0,1.0,1.0,505,50599,,,,,,,,,,
,,,,,505,50599,0.0,1.0,1.0,1.0,1.0,,,,,
0.0,1.0,1.0,1.0,1.0,506,50699,,,,,,,,,,
,,,,,506,50699,0.0,1.0,1.0,1.0,1.0,,,,,
0.0,1.0,1.0,1.0,1.0,507,50799,,,,,,,,,,
,,,,,507,50799,0.0,1.0,1.0,1.0,1.0,,,,,
0.0,1.0,1.0,1.0,1.0,508,50899,,,,,,,,,,
,,,,,508,50899,0.0,1.0,1.0,1.0,1.0,,,,,
0.0,1.0,1.0,1.0,1.0,509,50999,,,,,,,,,,
,,,,,509,50999,0.0,1.0,1.0,1.0,1.0,,,,,
0.0,1.0,1.0,1.0,1.0,510,51099,,,,,,,,,,
,,,,,510,51099,0.0,1.0,1.0,1.0,1.0,,,,,
0.0,1.0,1.0,1.0,1.0,511,51199,,,,,,,,,,
,,,,,511,51199,0.0,1.0,1.0,1.0,1.0,,,,,
0.0,1.0,1.0,1.0,1.0,512,51299,,,,,,,,,,
,,,,,512,51299,0.0,1.0,1.0,1.0,1.0,,,,,
0.0,1.0,1.0,1.0,1.0,513,51399,,,,,,,,,,
,,,,,513,51399,0.0,1.0,1.0,1.0,1.0,,,,,
0.0,1.0,1.0,1.0,1.0,514,51499,,,,,,,,,,
,,,,,514,51499,0.0,1.0,1.0,1.0,1.0,,,,,
0.0,1.0,1.0,1.0,1.0,515,51599,,,,,,,,,,
,,,,,515,51599,0.0,1.0,1.0,1.0,1.0,,,,,
0.0,1.0,1.0,1.0,1.0,516,51699,,,,,,,,,,
,,,,,516,51699,0.0,1.0,1.0,1.0,1.0,,,,,
0.0,1.0,1.0,1.0,1.0,517,51799,,,,,,,,,,
,,,,,517,51799,0.0,1.0,1.0,1.0,1.0,,,,,
0.0,1.0,1.0,1.0,1.0,518,51899,,,,,,,,,,
,,,,,518,51899,0.0,1.0,1.0,1.0,1.0,,,,,
0.0,1.0,1.0,1.0,1.0,519,51999,,,,,,,,,,
,,,,,519,51999,0.0,1.0,1.0,1.0,1.0,,,,,
0.0,1.0,1.0,1.0,1.0,520,52099,,,,,,,,,,
,,,,,520,52099,0.0,1.0,1.0,1.0,1.0,,,,,
0.0,1.0,1.0,1.0,1.0,521,52199,,,,,,,,,,
,,,,,521,52199,0.0,1.0,1.0,1.0,1.0,,,,,
0.0,1.0,1.0,1.0,1.0,522,52299,,,,,,,,,,
,,,,,522,52299,0.0,1.0,1.0,1.0,1.0,,,,,
0.0,1.0,1.0,1.0,1.0,523,52399,,,,,,,,,,
,,,,,523,52399,0.0,1.0,1.0,1.0,1.0,,,,,
0.0,1.0,1.0,1.0,1.0,524,52499,,,,,,,,,,
,,,,,524,52499,0.0,1.0,1.0,1.0,1.0,,,,,
0.0,1.0,1.0,1.0,1.0,525,52599,,,,,,,,,,
,,,,,525,52599,0.0,1.0,1.0,1.0,1.0,,,,,
0.0,1.0,1.0,1.0,1.0,526,52699,,,,,,,,,,
,,,,,526,52699,0.0,1.0,1.0,1.0,1.0,,,,,
0.0,1.0,1.0,1.0,1.0,527,52799,,,,,,,,,,
,,,,,527,52799,1.490116086078075e-10,1.0,1.0,1.0,1.0,,,,,
0.0,1.0,1.0,1.0,1.0,528,52899,,,,,,,,,,
,,,,,528,52899,0.0,1.0,1.0,1.0,1.0,,,,,
0.0,1.0,1.0,1.0,1.0,529,52999,,,,,,,,,,
,,,,,529,52999,0.0,1.0,1.0,1.0,1.0,,,,,
0.0,1.0,1.0,1.0,1.0,530,53099,,,,,,,,,,
,,,,,530,53099,0.0,1.0,1.0,1.0,1.0,,,,,
0.0,1.0,1.0,1.0,1.0,531,53199,,,,,,,,,,
,,,,,531,53199,0.0,1.0,1.0,1.0,1.0,,,,,
0.0,1.0,1.0,1.0,1.0,532,53299,,,,,,,,,,
,,,,,532,53299,0.0,1.0,1.0,1.0,1.0,,,,,
0.0,1.0,1.0,1.0,1.0,533,53399,,,,,,,,,,
,,,,,533,53399,0.0,1.0,1.0,1.0,1.0,,,,,
0.0,1.0,1.0,1.0,1.0,534,53499,,,,,,,,,,
,,,,,534,53499,0.0,1.0,1.0,1.0,1.0,,,,,
0.0,1.0,1.0,1.0,1.0,535,53599,,,,,,,,,,
,,,,,535,53599,0.0,1.0,1.0,1.0,1.0,,,,,
0.0,1.0,1.0,1.0,1.0,536,53699,,,,,,,,,,
,,,,,536,53699,0.0,1.0,1.0,1.0,1.0,,,,,
0.0,1.0,1.0,1.0,1.0,537,53799,,,,,,,,,,
,,,,,537,53799,0.0,1.0,1.0,1.0,1.0,,,,,
0.0,1.0,1.0,1.0,1.0,538,53899,,,,,,,,,,
,,,,,538,53899,0.0,1.0,1.0,1.0,1.0,,,,,
0.0,1.0,1.0,1.0,1.0,539,53999,,,,,,,,,,
,,,,,539,53999,0.0,1.0,1.0,1.0,1.0,,,,,
0.0,1.0,1.0,1.0,1.0,540,54099,,,,,,,,,,
,,,,,540,54099,0.0,1.0,1.0,1.0,1.0,,,,,
0.0,1.0,1.0,1.0,1.0,541,54199,,,,,,,,,,
,,,,,541,54199,0.0,1.0,1.0,1.0,1.0,,,,,
0.0,1.0,1.0,1.0,1.0,542,54299,,,,,,,,,,
,,,,,542,54299,0.0,1.0,1.0,1.0,1.0,,,,,
0.0,1.0,1.0,1.0,1.0,543,54399,,,,,,,,,,
,,,,,543,54399,0.0,1.0,1.0,1.0,1.0,,,,,
0.0,1.0,1.0,1.0,1.0,544,54499,,,,,,,,,,
,,,,,544,54499,0.0,1.0,1.0,1.0,1.0,,,,,
0.0,1.0,1.0,1.0,1.0,545,54599,,,,,,,,,,
,,,,,545,54599,0.0,1.0,1.0,1.0,1.0,,,,,
0.0,1.0,1.0,1.0,1.0,546,54699,,,,,,,,,,
,,,,,546,54699,0.0,1.0,1.0,1.0,1.0,,,,,
0.0,1.0,1.0,1.0,1.0,547,54799,,,,,,,,,,
,,,,,547,54799,0.0,1.0,1.0,1.0,1.0,,,,,
0.0,1.0,1.0,1.0,1.0,548,54899,,,,,,,,,,
,,,,,548,54899,0.0,1.0,1.0,1.0,1.0,,,,,
0.0,1.0,1.0,1.0,1.0,549,54999,,,,,,,,,,
,,,,,549,54999,0.0,1.0,1.0,1.0,1.0,,,,,
0.0,1.0,1.0,1.0,1.0,550,55099,,,,,,,,,,
,,,,,550,55099,0.0,1.0,1.0,1.0,1.0,,,,,
0.0,1.0,1.0,1.0,1.0,551,55199,,,,,,,,,,
,,,,,551,55199,0.0,1.0,1.0,1.0,1.0,,,,,
0.0,1.0,1.0,1.0,1.0,552,55299,,,,,,,,,,
,,,,,552,55299,0.0,1.0,1.0,1.0,1.0,,,,,
0.0,1.0,1.0,1.0,1.0,553,55399,,,,,,,,,,
,,,,,553,55399,0.0,1.0,1.0,1.0,1.0,,,,,
0.0,1.0,1.0,1.0,1.0,554,55499,,,,,,,,,,
,,,,,554,55499,0.0,1.0,1.0,1.0,1.0,,,,,
0.0,1.0,1.0,1.0,1.0,555,55599,,,,,,,,,,
,,,,,555,55599,0.0,1.0,1.0,1.0,1.0,,,,,
0.0,1.0,1.0,1.0,1.0,556,55699,,,,,,,,,,
,,,,,556,55699,0.0,1.0,1.0,1.0,1.0,,,,,
0.0,1.0,1.0,1.0,1.0,557,55799,,,,,,,,,,
,,,,,557,55799,0.0,1.0,1.0,1.0,1.0,,,,,
0.0,1.0,1.0,1.0,1.0,558,55899,,,,,,,,,,
,,,,,558,55899,0.0,1.0,1.0,1.0,1.0,,,,,
0.0,1.0,1.0,1.0,1.0,559,55999,,,,,,,,,,
,,,,,559,55999,0.0,1.0,1.0,1.0,1.0,,,,,
0.0,1.0,1.0,1.0,1.0,560,56099,,,,,,,,,,
,,,,,560,56099,0.0,1.0,1.0,1.0,1.0,,,,,
0.0,1.0,1.0,1.0,1.0,561,56199,,,,,,,,,,
,,,,,561,56199,0.0,1.0,1.0,1.0,1.0,,,,,
0.0,1.0,1.0,1.0,1.0,562,56299,,,,,,,,,,
,,,,,562,56299,0.0,1.0,1.0,1.0,1.0,,,,,
0.0,1.0,1.0,1.0,1.0,563,56399,,,,,,,,,,
,,,,,563,56399,0.0,1.0,1.0,1.0,1.0,,,,,
0.0,1.0,1.0,1.0,1.0,564,56499,,,,,,,,,,
,,,,,564,56499,0.0,1.0,1.0,1.0,1.0,,,,,
0.0,1.0,1.0,1.0,1.0,565,56599,,,,,,,,,,
,,,,,565,56599,0.0,1.0,1.0,1.0,1.0,,,,,
0.0,1.0,1.0,1.0,1.0,566,56699,,,,,,,,,,
,,,,,566,56699,0.0,1.0,1.0,1.0,1.0,,,,,
0.0,1.0,1.0,1.0,1.0,567,56799,,,,,,,,,,
,,,,,567,56799,0.0,1.0,1.0,1.0,1.0,,,,,
0.0,1.0,1.0,1.0,1.0,568,56899,,,,,,,,,,
,,,,,568,56899,0.0,1.0,1.0,1.0,1.0,,,,,
0.0,1.0,1.0,1.0,1.0,569,56999,,,,,,,,,,
,,,,,569,56999,0.0,1.0,1.0,1.0,1.0,,,,,
0.0,1.0,1.0,1.0,1.0,570,57099,,,,,,,,,,
,,,,,570,57099,0.0,1.0,1.0,1.0,1.0,,,,,
0.0,1.0,1.0,1.0,1.0,571,57199,,,,,,,,,,
,,,,,571,57199,0.0,1.0,1.0,1.0,1.0,,,,,
0.0,1.0,1.0,1.0,1.0,572,57299,,,,,,,,,,
,,,,,572,57299,0.0,1.0,1.0,1.0,1.0,,,,,
0.0,1.0,1.0,1.0,1.0,573,57399,,,,,,,,,,
,,,,,573,57399,0.0,1.0,1.0,1.0,1.0,,,,,
0.0,1.0,1.0,1.0,1.0,574,57499,,,,,,,,,,
,,,,,574,57499,0.0,1.0,1.0,1.0,1.0,,,,,
0.0,1.0,1.0,1.0,1.0,575,57599,,,,,,,,,,
,,,,,575,57599,0.0,1.0,1.0,1.0,1.0,,,,,
0.0,1.0,1.0,1.0,1.0,576,57699,,,,,,,,,,
,,,,,576,57699,0.0,1.0,1.0,1.0,1.0,,,,,
0.0,1.0,1.0,1.0,1.0,577,57799,,,,,,,,,,
,,,,,577,57799,0.0,1.0,1.0,1.0,1.0,,,,,
0.0,1.0,1.0,1.0,1.0,578,57899,,,,,,,,,,
,,,,,578,57899,0.0,1.0,1.0,1.0,1.0,,,,,
0.0,1.0,1.0,1.0,1.0,579,57999,,,,,,,,,,
,,,,,579,57999,0.0,1.0,1.0,1.0,1.0,,,,,
0.0,1.0,1.0,1.0,1.0,580,58099,,,,,,,,,,
,,,,,580,58099,0.0,1.0,1.0,1.0,1.0,,,,,
0.0,1.0,1.0,1.0,1.0,581,58199,,,,,,,,,,
,,,,,581,58199,0.0,1.0,1.0,1.0,1.0,,,,,
0.0,1.0,1.0,1.0,1.0,582,58299,,,,,,,,,,
,,,,,582,58299,7.450578487500081e-10,1.0,1.0,1.0,1.0,,,,,
0.0,1.0,1.0,1.0,1.0,583,58399,,,,,,,,,,
,,,,,583,58399,0.0,1.0,1.0,1.0,1.0,,,,,
0.0,1.0,1.0,1.0,1.0,584,58499,,,,,,,,,,
,,,,,584,58499,0.0,1.0,1.0,1.0,1.0,,,,,
0.0,1.0,1.0,1.0,1.0,585,58599,,,,,,,,,,
,,,,,585,58599,0.0,1.0,1.0,1.0,1.0,,,,,
0.0,1.0,1.0,1.0,1.0,586,58699,,,,,,,,,,
,,,,,586,58699,0.0,1.0,1.0,1.0,1.0,,,,,
0.0,1.0,1.0,1.0,1.0,587,58799,,,,,,,,,,
,,,,,587,58799,0.0,1.0,1.0,1.0,1.0,,,,,
0.0,1.0,1.0,1.0,1.0,588,58899,,,,,,,,,,
,,,,,588,58899,0.0,1.0,1.0,1.0,1.0,,,,,
0.0,1.0,1.0,1.0,1.0,589,58999,,,,,,,,,,
,,,,,589,58999,0.0,1.0,1.0,1.0,1.0,,,,,
0.0,1.0,1.0,1.0,1.0,590,59099,,,,,,,,,,
,,,,,590,59099,0.0,1.0,1.0,1.0,1.0,,,,,
0.0,1.0,1.0,1.0,1.0,591,59199,,,,,,,,,,
,,,,,591,59199,0.0,1.0,1.0,1.0,1.0,,,,,
0.0,1.0,1.0,1.0,1.0,592,59299,,,,,,,,,,
,,,,,592,59299,0.0,1.0,1.0,1.0,1.0,,,,,
0.0,1.0,1.0,1.0,1.0,593,59399,,,,,,,,,,
,,,,,593,59399,0.0,1.0,1.0,1.0,1.0,,,,,
0.0,1.0,1.0,1.0,1.0,594,59499,,,,,,,,,,
,,,,,594,59499,0.0,1.0,1.0,1.0,1.0,,,,,
0.0,1.0,1.0,1.0,1.0,595,59599,,,,,,,,,,
,,,,,595,59599,0.0,1.0,1.0,1.0,1.0,,,,,
0.0,1.0,1.0,1.0,1.0,596,59699,,,,,,,,,,
,,,,,596,59699,0.0,1.0,1.0,1.0,1.0,,,,,
0.0,1.0,1.0,1.0,1.0,597,59799,,,,,,,,,,
,,,,,597,59799,0.0,1.0,1.0,1.0,1.0,,,,,
0.0,1.0,1.0,1.0,1.0,598,59899,,,,,,,,,,
,,,,,598,59899,0.0,1.0,1.0,1.0,1.0,,,,,
0.0,1.0,1.0,1.0,1.0,599,59999,,,,,,,,,,
,,,,,599,59999,0.0,1.0,1.0,1.0,1.0,,,,,
0.0,1.0,1.0,1.0,1.0,600,60099,,,,,,,,,,
,,,,,600,60099,0.0,1.0,1.0,1.0,1.0,,,,,
0.0,1.0,1.0,1.0,1.0,601,60199,,,,,,,,,,
,,,,,601,60199,0.0,1.0,1.0,1.0,1.0,,,,,
0.0,1.0,1.0,1.0,1.0,602,60299,,,,,,,,,,
,,,,,602,60299,0.0,1.0,1.0,1.0,1.0,,,,,
0.0,1.0,1.0,1.0,1.0,603,60399,,,,,,,,,,
,,,,,603,60399,0.0,1.0,1.0,1.0,1.0,,,,,
0.0,1.0,1.0,1.0,1.0,604,60499,,,,,,,,,,
,,,,,604,60499,0.0,1.0,1.0,1.0,1.0,,,,,
0.0,1.0,1.0,1.0,1.0,605,60599,,,,,,,,,,
,,,,,605,60599,0.0,1.0,1.0,1.0,1.0,,,,,
0.0,1.0,1.0,1.0,1.0,606,60699,,,,,,,,,,
,,,,,606,60699,0.0,1.0,1.0,1.0,1.0,,,,,
0.0,1.0,1.0,1.0,1.0,607,60799,,,,,,,,,,
,,,,,607,60799,0.0,1.0,1.0,1.0,1.0,,,,,
0.0,1.0,1.0,1.0,1.0,608,60899,,,,,,,,,,
,,,,,608,60899,0.0,1.0,1.0,1.0,1.0,,,,,
0.0,1.0,1.0,1.0,1.0,609,60999,,,,,,,,,,
,,,,,609,60999,0.0,1.0,1.0,1.0,1.0,,,,,
0.0,1.0,1.0,1.0,1.0,610,61099,,,,,,,,,,
,,,,,610,61099,0.0,1.0,1.0,1.0,1.0,,,,,
0.0,1.0,1.0,1.0,1.0,611,61199,,,,,,,,,,
,,,,,611,61199,0.0,1.0,1.0,1.0,1.0,,,,,
0.0,1.0,1.0,1.0,1.0,612,61299,,,,,,,,,,
,,,,,612,61299,0.0,1.0,1.0,1.0,1.0,,,,,
0.0,1.0,1.0,1.0,1.0,613,61399,,,,,,,,,,
,,,,,613,61399,0.0,1.0,1.0,1.0,1.0,,,,,
0.0,1.0,1.0,1.0,1.0,614,61499,,,,,,,,,,
,,,,,614,61499,0.0,1.0,1.0,1.0,1.0,,,,,
0.0,1.0,1.0,1.0,1.0,615,61599,,,,,,,,,,
,,,,,615,61599,0.0,1.0,1.0,1.0,1.0,,,,,
0.0,1.0,1.0,1.0,1.0,616,61699,,,,,,,,,,
,,,,,616,61699,0.0,1.0,1.0,1.0,1.0,,,,,
0.0,1.0,1.0,1.0,1.0,617,61799,,,,,,,,,,
,,,,,617,61799,0.0,1.0,1.0,1.0,1.0,,,,,
0.0,1.0,1.0,1.0,1.0,618,61899,,,,,,,,,,
,,,,,618,61899,0.0,1.0,1.0,1.0,1.0,,,,,
0.0,1.0,1.0,1.0,1.0,619,61999,,,,,,,,,,
,,,,,619,61999,0.0,1.0,1.0,1.0,1.0,,,,,
0.0,1.0,1.0,1.0,1.0,620,62099,,,,,,,,,,
,,,,,620,62099,0.0,1.0,1.0,1.0,1.0,,,,,
0.0,1.0,1.0,1.0,1.0,621,62199,,,,,,,,,,
,,,,,621,62199,0.0,1.0,1.0,1.0,1.0,,,,,
0.0,1.0,1.0,1.0,1.0,622,62299,,,,,,,,,,
,,,,,622,62299,0.0,1.0,1.0,1.0,1.0,,,,,
0.0,1.0,1.0,1.0,1.0,623,62399,,,,,,,,,,
,,,,,623,62399,0.0,1.0,1.0,1.0,1.0,,,,,
0.0,1.0,1.0,1.0,1.0,624,62499,,,,,,,,,,
,,,,,624,62499,0.0,1.0,1.0,1.0,1.0,,,,,
0.0,1.0,1.0,1.0,1.0,625,62599,,,,,,,,,,
,,,,,625,62599,0.0,1.0,1.0,1.0,1.0,,,,,
0.0,1.0,1.0,1.0,1.0,626,62699,,,,,,,,,,
,,,,,626,62699,0.0,1.0,1.0,1.0,1.0,,,,,
0.0,1.0,1.0,1.0,1.0,627,62799,,,,,,,,,,
,,,,,627,62799,0.0,1.0,1.0,1.0,1.0,,,,,
0.0,1.0,1.0,1.0,1.0,628,62899,,,,,,,,,,
,,,,,628,62899,0.0,1.0,1.0,1.0,1.0,,,,,
0.0,1.0,1.0,1.0,1.0,629,62999,,,,,,,,,,
,,,,,629,62999,0.0,1.0,1.0,1.0,1.0,,,,,
0.0,1.0,1.0,1.0,1.0,630,63099,,,,,,,,,,
,,,,,630,63099,0.0,1.0,1.0,1.0,1.0,,,,,
0.0,1.0,1.0,1.0,1.0,631,63199,,,,,,,,,,
,,,,,631,63199,0.0,1.0,1.0,1.0,1.0,,,,,
0.0,1.0,1.0,1.0,1.0,632,63299,,,,,,,,,,
,,,,,632,63299,0.0,1.0,1.0,1.0,1.0,,,,,
0.0,1.0,1.0,1.0,1.0,633,63399,,,,,,,,,,
,,,,,633,63399,0.0,1.0,1.0,1.0,1.0,,,,,
0.0,1.0,1.0,1.0,1.0,634,63499,,,,,,,,,,
,,,,,634,63499,0.0,1.0,1.0,1.0,1.0,,,,,
0.0,1.0,1.0,1.0,1.0,635,63599,,,,,,,,,,
,,,,,635,63599,0.0,1.0,1.0,1.0,1.0,,,,,
0.0,1.0,1.0,1.0,1.0,636,63699,,,,,,,,,,
,,,,,636,63699,0.0,1.0,1.0,1.0,1.0,,,,,
0.0,1.0,1.0,1.0,1.0,637,63799,,,,,,,,,,
,,,,,637,63799,0.0,1.0,1.0,1.0,1.0,,,,,
0.0,1.0,1.0,1.0,1.0,638,63899,,,,,,,,,,
,,,,,638,63899,0.0,1.0,1.0,1.0,1.0,,,,,
0.0,1.0,1.0,1.0,1.0,639,63999,,,,,,,,,,
,,,,,639,63999,0.0,1.0,1.0,1.0,1.0,,,,,
0.0,1.0,1.0,1.0,1.0,640,64099,,,,,,,,,,
,,,,,640,64099,0.0,1.0,1.0,1.0,1.0,,,,,
0.0,1.0,1.0,1.0,1.0,641,64199,,,,,,,,,,
,,,,,641,64199,0.0,1.0,1.0,1.0,1.0,,,,,
0.0,1.0,1.0,1.0,1.0,642,64299,,,,,,,,,,
,,,,,642,64299,0.0,1.0,1.0,1.0,1.0,,,,,
0.0,1.0,1.0,1.0,1.0,643,64399,,,,,,,,,,
,,,,,643,64399,0.0,1.0,1.0,1.0,1.0,,,,,
0.0,1.0,1.0,1.0,1.0,644,64499,,,,,,,,,,
,,,,,644,64499,0.0,1.0,1.0,1.0,1.0,,,,,
0.0,1.0,1.0,1.0,1.0,645,64599,,,,,,,,,,
,,,,,645,64599,0.0,1.0,1.0,1.0,1.0,,,,,
0.0,1.0,1.0,1.0,1.0,646,64699,,,,,,,,,,
,,,,,646,64699,0.0,1.0,1.0,1.0,1.0,,,,,
0.0,1.0,1.0,1.0,1.0,647,64799,,,,,,,,,,
,,,,,647,64799,0.0,1.0,1.0,1.0,1.0,,,,,
0.0,1.0,1.0,1.0,1.0,648,64899,,,,,,,,,,
,,,,,648,64899,0.0,1.0,1.0,1.0,1.0,,,,,
0.0,1.0,1.0,1.0,1.0,649,64999,,,,,,,,,,
,,,,,649,64999,0.0,1.0,1.0,1.0,1.0,,,,,
0.0,1.0,1.0,1.0,1.0,650,65099,,,,,,,,,,
,,,,,650,65099,0.0,1.0,1.0,1.0,1.0,,,,,
0.0,1.0,1.0,1.0,1.0,651,65199,,,,,,,,,,
,,,,,651,65199,0.0,1.0,1.0,1.0,1.0,,,,,
0.0,1.0,1.0,1.0,1.0,652,65299,,,,,,,,,,
,,,,,652,65299,0.0,1.0,1.0,1.0,1.0,,,,,
0.0,1.0,1.0,1.0,1.0,653,65399,,,,,,,,,,
,,,,,653,65399,0.0,1.0,1.0,1.0,1.0,,,,,
0.0,1.0,1.0,1.0,1.0,654,65499,,,,,,,,,,
,,,,,654,65499,0.0,1.0,1.0,1.0,1.0,,,,,
0.0,1.0,1.0,1.0,1.0,655,65599,,,,,,,,,,
,,,,,655,65599,0.0,1.0,1.0,1.0,1.0,,,,,
0.0,1.0,1.0,1.0,1.0,656,65699,,,,,,,,,,
,,,,,656,65699,0.0,1.0,1.0,1.0,1.0,,,,,
0.0,1.0,1.0,1.0,1.0,657,65799,,,,,,,,,,
,,,,,657,65799,0.0,1.0,1.0,1.0,1.0,,,,,
0.0,1.0,1.0,1.0,1.0,658,65899,,,,,,,,,,
,,,,,658,65899,0.0,1.0,1.0,1.0,1.0,,,,,
0.0,1.0,1.0,1.0,1.0,659,65999,,,,,,,,,,
,,,,,659,65999,0.0,1.0,1.0,1.0,1.0,,,,,
0.0,1.0,1.0,1.0,1.0,660,66099,,,,,,,,,,
,,,,,660,66099,0.0,1.0,1.0,1.0,1.0,,,,,
0.0,1.0,1.0,1.0,1.0,661,66199,,,,,,,,,,
,,,,,661,66199,0.0,1.0,1.0,1.0,1.0,,,,,
0.0,1.0,1.0,1.0,1.0,662,66299,,,,,,,,,,
,,,,,662,66299,0.0,1.0,1.0,1.0,1.0,,,,,
0.0,1.0,1.0,1.0,1.0,663,66399,,,,,,,,,,
,,,,,663,66399,0.0,1.0,1.0,1.0,1.0,,,,,
0.0,1.0,1.0,1.0,1.0,664,66499,,,,,,,,,,
,,,,,664,66499,0.0,1.0,1.0,1.0,1.0,,,,,
0.0,1.0,1.0,1.0,1.0,665,66599,,,,,,,,,,
,,,,,665,66599,0.0,1.0,1.0,1.0,1.0,,,,,
0.0,1.0,1.0,1.0,1.0,666,66699,,,,,,,,,,
,,,,,666,66699,0.0,1.0,1.0,1.0,1.0,,,,,
0.0,1.0,1.0,1.0,1.0,667,66799,,,,,,,,,,
,,,,,667,66799,0.0,1.0,1.0,1.0,1.0,,,,,
0.0,1.0,1.0,1.0,1.0,668,66899,,,,,,,,,,
,,,,,668,66899,0.0,1.0,1.0,1.0,1.0,,,,,
0.0,1.0,1.0,1.0,1.0,669,66999,,,,,,,,,,
,,,,,669,66999,0.0,1.0,1.0,1.0,1.0,,,,,
0.0,1.0,1.0,1.0,1.0,670,67099,,,,,,,,,,
,,,,,670,67099,0.0,1.0,1.0,1.0,1.0,,,,,
0.0,1.0,1.0,1.0,1.0,671,67199,,,,,,,,,,
,,,,,671,67199,0.0,1.0,1.0,1.0,1.0,,,,,
0.0,1.0,1.0,1.0,1.0,672,67299,,,,,,,,,,
,,,,,672,67299,0.0,1.0,1.0,1.0,1.0,,,,,
0.0,1.0,1.0,1.0,1.0,673,67399,,,,,,,,,,
,,,,,673,67399,0.0,1.0,1.0,1.0,1.0,,,,,
0.0,1.0,1.0,1.0,1.0,674,67499,,,,,,,,,,
,,,,,674,67499,0.0,1.0,1.0,1.0,1.0,,,,,
0.0,1.0,1.0,1.0,1.0,675,67599,,,,,,,,,,
,,,,,675,67599,0.0,1.0,1.0,1.0,1.0,,,,,
0.0,1.0,1.0,1.0,1.0,676,67699,,,,,,,,,,
,,,,,676,67699,0.0,1.0,1.0,1.0,1.0,,,,,
0.0,1.0,1.0,1.0,1.0,677,67799,,,,,,,,,,
,,,,,677,67799,0.0,1.0,1.0,1.0,1.0,,,,,
0.0,1.0,1.0,1.0,1.0,678,67899,,,,,,,,,,
,,,,,678,67899,0.0,1.0,1.0,1.0,1.0,,,,,
0.0,1.0,1.0,1.0,1.0,679,67999,,,,,,,,,,
,,,,,679,67999,0.0,1.0,1.0,1.0,1.0,,,,,
0.0,1.0,1.0,1.0,1.0,680,68099,,,,,,,,,,
,,,,,680,68099,0.0,1.0,1.0,1.0,1.0,,,,,
0.0,1.0,1.0,1.0,1.0,681,68199,,,,,,,,,,
,,,,,681,68199,0.0,1.0,1.0,1.0,1.0,,,,,
0.0,1.0,1.0,1.0,1.0,682,68299,,,,,,,,,,
,,,,,682,68299,0.0,1.0,1.0,1.0,1.0,,,,,
0.0,1.0,1.0,1.0,1.0,683,68399,,,,,,,,,,
,,,,,683,68399,0.0,1.0,1.0,1.0,1.0,,,,,
0.0,1.0,1.0,1.0,1.0,684,68499,,,,,,,,,,
,,,,,684,68499,0.0,1.0,1.0,1.0,1.0,,,,,
0.0,1.0,1.0,1.0,1.0,685,68599,,,,,,,,,,
,,,,,685,68599,0.0,1.0,1.0,1.0,1.0,,,,,
0.0,1.0,1.0,1.0,1.0,686,68699,,,,,,,,,,
,,,,,686,68699,0.0,1.0,1.0,1.0,1.0,,,,,
0.0,1.0,1.0,1.0,1.0,687,68799,,,,,,,,,,
,,,,,687,68799,0.0,1.0,1.0,1.0,1.0,,,,,
0.0,1.0,1.0,1.0,1.0,688,68899,,,,,,,,,,
,,,,,688,68899,0.0,1.0,1.0,1.0,1.0,,,,,
0.0,1.0,1.0,1.0,1.0,689,68999,,,,,,,,,,
,,,,,689,68999,0.0,1.0,1.0,1.0,1.0,,,,,
0.0,1.0,1.0,1.0,1.0,690,69099,,,,,,,,,,
,,,,,690,69099,0.0,1.0,1.0,1.0,1.0,,,,,
0.0,1.0,1.0,1.0,1.0,691,69199,,,,,,,,,,
,,,,,691,69199,0.0,1.0,1.0,1.0,1.0,,,,,
0.0,1.0,1.0,1.0,1.0,692,69299,,,,,,,,,,
,,,,,692,69299,0.0,1.0,1.0,1.0,1.0,,,,,
0.0,1.0,1.0,1.0,1.0,693,69399,,,,,,,,,,
,,,,,693,69399,0.0,1.0,1.0,1.0,1.0,,,,,
0.0,1.0,1.0,1.0,1.0,694,69499,,,,,,,,,,
,,,,,694,69499,0.0,1.0,1.0,1.0,1.0,,,,,
0.0,1.0,1.0,1.0,1.0,695,69599,,,,,,,,,,
,,,,,695,69599,0.0,1.0,1.0,1.0,1.0,,,,,
0.0,1.0,1.0,1.0,1.0,696,69699,,,,,,,,,,
,,,,,696,69699,0.0,1.0,1.0,1.0,1.0,,,,,
0.0,1.0,1.0,1.0,1.0,697,69799,,,,,,,,,,
,,,,,697,69799,0.0,1.0,1.0,1.0,1.0,,,,,
0.0,1.0,1.0,1.0,1.0,698,69899,,,,,,,,,,
,,,,,698,69899,0.0,1.0,1.0,1.0,1.0,,,,,
0.0,1.0,1.0,1.0,1.0,699,69999,,,,,,,,,,
,,,,,699,69999,0.0,1.0,1.0,1.0,1.0,,,,,
0.0,1.0,1.0,1.0,1.0,700,70099,,,,,,,,,,
,,,,,700,70099,0.0,1.0,1.0,1.0,1.0,,,,,
0.0,1.0,1.0,1.0,1.0,701,70199,,,,,,,,,,
,,,,,701,70199,0.0,1.0,1.0,1.0,1.0,,,,,
0.0,1.0,1.0,1.0,1.0,702,70299,,,,,,,,,,
,,,,,702,70299,0.0,1.0,1.0,1.0,1.0,,,,,
0.0,1.0,1.0,1.0,1.0,703,70399,,,,,,,,,,
,,,,,703,70399,0.0,1.0,1.0,1.0,1.0,,,,,
0.0,1.0,1.0,1.0,1.0,704,70499,,,,,,,,,,
,,,,,704,70499,0.0,1.0,1.0,1.0,1.0,,,,,
0.0,1.0,1.0,1.0,1.0,705,70599,,,,,,,,,,
,,,,,705,70599,0.0,1.0,1.0,1.0,1.0,,,,,
0.0,1.0,1.0,1.0,1.0,706,70699,,,,,,,,,,
,,,,,706,70699,0.0,1.0,1.0,1.0,1.0,,,,,
0.0,1.0,1.0,1.0,1.0,707,70799,,,,,,,,,,
,,,,,707,70799,0.0,1.0,1.0,1.0,1.0,,,,,
0.0,1.0,1.0,1.0,1.0,708,70899,,,,,,,,,,
,,,,,708,70899,0.0,1.0,1.0,1.0,1.0,,,,,
0.0,1.0,1.0,1.0,1.0,709,70999,,,,,,,,,,
,,,,,709,70999,0.0,1.0,1.0,1.0,1.0,,,,,
0.0,1.0,1.0,1.0,1.0,710,71099,,,,,,,,,,
,,,,,710,71099,0.0,1.0,1.0,1.0,1.0,,,,,
0.0,1.0,1.0,1.0,1.0,711,71199,,,,,,,,,,
,,,,,711,71199,0.0,1.0,1.0,1.0,1.0,,,,,
0.0,1.0,1.0,1.0,1.0,712,71299,,,,,,,,,,
,,,,,712,71299,0.0,1.0,1.0,1.0,1.0,,,,,
0.0,1.0,1.0,1.0,1.0,713,71399,,,,,,,,,,
,,,,,713,71399,0.0,1.0,1.0,1.0,1.0,,,,,
0.0,1.0,1.0,1.0,1.0,714,71499,,,,,,,,,,
,,,,,714,71499,0.0,1.0,1.0,1.0,1.0,,,,,
0.0,1.0,1.0,1.0,1.0,715,71599,,,,,,,,,,
,,,,,715,71599,0.0,1.0,1.0,1.0,1.0,,,,,
0.0,1.0,1.0,1.0,1.0,716,71699,,,,,,,,,,
,,,,,716,71699,7.450578487500081e-10,1.0,1.0,1.0,1.0,,,,,
0.0,1.0,1.0,1.0,1.0,717,71799,,,,,,,,,,
,,,,,717,71799,0.0,1.0,1.0,1.0,1.0,,,,,
0.0,1.0,1.0,1.0,1.0,718,71899,,,,,,,,,,
,,,,,718,71899,0.0,1.0,1.0,1.0,1.0,,,,,
0.0,1.0,1.0,1.0,1.0,719,71999,,,,,,,,,,
,,,,,719,71999,0.0,1.0,1.0,1.0,1.0,,,,,
0.0,1.0,1.0,1.0,1.0,720,72099,,,,,,,,,,
,,,,,720,72099,0.0,1.0,1.0,1.0,1.0,,,,,
0.0,1.0,1.0,1.0,1.0,721,72199,,,,,,,,,,
,,,,,721,72199,0.0,1.0,1.0,1.0,1.0,,,,,
0.0,1.0,1.0,1.0,1.0,722,72299,,,,,,,,,,
,,,,,722,72299,0.0,1.0,1.0,1.0,1.0,,,,,
0.0,1.0,1.0,1.0,1.0,723,72399,,,,,,,,,,
,,,,,723,72399,0.0,1.0,1.0,1.0,1.0,,,,,
0.0,1.0,1.0,1.0,1.0,724,72499,,,,,,,,,,
,,,,,724,72499,0.0,1.0,1.0,1.0,1.0,,,,,
0.0,1.0,1.0,1.0,1.0,725,72599,,,,,,,,,,
,,,,,725,72599,0.0,1.0,1.0,1.0,1.0,,,,,
0.0,1.0,1.0,1.0,1.0,726,72699,,,,,,,,,,
,,,,,726,72699,0.0,1.0,1.0,1.0,1.0,,,,,
0.0,1.0,1.0,1.0,1.0,727,72799,,,,,,,,,,
,,,,,727,72799,0.0,1.0,1.0,1.0,1.0,,,,,
0.0,1.0,1.0,1.0,1.0,728,72899,,,,,,,,,,
,,,,,728,72899,0.0,1.0,1.0,1.0,1.0,,,,,
0.0,1.0,1.0,1.0,1.0,729,72999,,,,,,,,,,
,,,,,729,72999,0.0,1.0,1.0,1.0,1.0,,,,,
0.0,1.0,1.0,1.0,1.0,730,73099,,,,,,,,,,
,,,,,730,73099,0.0,1.0,1.0,1.0,1.0,,,,,
0.0,1.0,1.0,1.0,1.0,731,73199,,,,,,,,,,
,,,,,731,73199,0.0,1.0,1.0,1.0,1.0,,,,,
0.0,1.0,1.0,1.0,1.0,732,73299,,,,,,,,,,
,,,,,732,73299,0.0,1.0,1.0,1.0,1.0,,,,,
0.0,1.0,1.0,1.0,1.0,733,73399,,,,,,,,,,
,,,,,733,73399,0.0,1.0,1.0,1.0,1.0,,,,,
0.0,1.0,1.0,1.0,1.0,734,73499,,,,,,,,,,
,,,,,734,73499,0.0,1.0,1.0,1.0,1.0,,,,,
0.0,1.0,1.0,1.0,1.0,735,73599,,,,,,,,,,
,,,,,735,73599,0.0,1.0,1.0,1.0,1.0,,,,,
0.0,1.0,1.0,1.0,1.0,736,73699,,,,,,,,,,
,,,,,736,73699,0.0,1.0,1.0,1.0,1.0,,,,,
0.0,1.0,1.0,1.0,1.0,737,73799,,,,,,,,,,
,,,,,737,73799,0.0,1.0,1.0,1.0,1.0,,,,,
0.0,1.0,1.0,1.0,1.0,738,73899,,,,,,,,,,
,,,,,738,73899,0.0,1.0,1.0,1.0,1.0,,,,,
0.0,1.0,1.0,1.0,1.0,739,73999,,,,,,,,,,
,,,,,739,73999,0.0,1.0,1.0,1.0,1.0,,,,,
0.0,1.0,1.0,1.0,1.0,740,74099,,,,,,,,,,
,,,,,740,74099,0.0,1.0,1.0,1.0,1.0,,,,,
0.0,1.0,1.0,1.0,1.0,741,74199,,,,,,,,,,
,,,,,741,74199,0.0,1.0,1.0,1.0,1.0,,,,,
0.0,1.0,1.0,1.0,1.0,742,74299,,,,,,,,,,
,,,,,742,74299,0.0,1.0,1.0,1.0,1.0,,,,,
0.0,1.0,1.0,1.0,1.0,743,74399,,,,,,,,,,
,,,,,743,74399,0.0,1.0,1.0,1.0,1.0,,,,,
0.0,1.0,1.0,1.0,1.0,744,74499,,,,,,,,,,
,,,,,744,74499,0.0,1.0,1.0,1.0,1.0,,,,,
0.0,1.0,1.0,1.0,1.0,745,74599,,,,,,,,,,
,,,,,745,74599,0.0,1.0,1.0,1.0,1.0,,,,,
0.0,1.0,1.0,1.0,1.0,746,74699,,,,,,,,,,
,,,,,746,74699,0.0,1.0,1.0,1.0,1.0,,,,,
0.0,1.0,1.0,1.0,1.0,747,74799,,,,,,,,,,
,,,,,747,74799,0.0,1.0,1.0,1.0,1.0,,,,,
0.0,1.0,1.0,1.0,1.0,748,74899,,,,,,,,,,
,,,,,748,74899,0.0,1.0,1.0,1.0,1.0,,,,,
0.0,1.0,1.0,1.0,1.0,749,74999,,,,,,,,,,
,,,,,749,74999,0.0,1.0,1.0,1.0,1.0,,,,,
0.0,1.0,1.0,1.0,1.0,750,75099,,,,,,,,,,
,,,,,750,75099,0.0,1.0,1.0,1.0,1.0,,,,,
0.0,1.0,1.0,1.0,1.0,751,75199,,,,,,,,,,
,,,,,751,75199,0.0,1.0,1.0,1.0,1.0,,,,,
0.0,1.0,1.0,1.0,1.0,752,75299,,,,,,,,,,
,,,,,752,75299,0.0,1.0,1.0,1.0,1.0,,,,,
0.0,1.0,1.0,1.0,1.0,753,75399,,,,,,,,,,
,,,,,753,75399,0.0,1.0,1.0,1.0,1.0,,,,,
0.0,1.0,1.0,1.0,1.0,754,75499,,,,,,,,,,
,,,,,754,75499,0.0,1.0,1.0,1.0,1.0,,,,,
0.0,1.0,1.0,1.0,1.0,755,75599,,,,,,,,,,
,,,,,755,75599,0.0,1.0,1.0,1.0,1.0,,,,,
0.0,1.0,1.0,1.0,1.0,756,75699,,,,,,,,,,
,,,,,756,75699,0.0,1.0,1.0,1.0,1.0,,,,,
0.0,1.0,1.0,1.0,1.0,757,75799,,,,,,,,,,
,,,,,757,75799,1.490116086078075e-10,1.0,1.0,1.0,1.0,,,,,
0.0,1.0,1.0,1.0,1.0,758,75899,,,,,,,,,,
,,,,,758,75899,0.0,1.0,1.0,1.0,1.0,,,,,
0.0,1.0,1.0,1.0,1.0,759,75999,,,,,,,,,,
,,,,,759,75999,0.0,1.0,1.0,1.0,1.0,,,,,
0.0,1.0,1.0,1.0,1.0,760,76099,,,,,,,,,,
,,,,,760,76099,0.0,1.0,1.0,1.0,1.0,,,,,
0.0,1.0,1.0,1.0,1.0,761,76199,,,,,,,,,,
,,,,,761,76199,0.0,1.0,1.0,1.0,1.0,,,,,
0.0,1.0,1.0,1.0,1.0,762,76299,,,,,,,,,,
,,,,,762,76299,0.0,1.0,1.0,1.0,1.0,,,,,
0.0,1.0,1.0,1.0,1.0,763,76399,,,,,,,,,,
,,,,,763,76399,0.0,1.0,1.0,1.0,1.0,,,,,
0.0,1.0,1.0,1.0,1.0,764,76499,,,,,,,,,,
,,,,,764,76499,0.0,1.0,1.0,1.0,1.0,,,,,
0.0,1.0,1.0,1.0,1.0,765,76599,,,,,,,,,,
,,,,,765,76599,0.0,1.0,1.0,1.0,1.0,,,,,
0.0,1.0,1.0,1.0,1.0,766,76699,,,,,,,,,,
,,,,,766,76699,0.0,1.0,1.0,1.0,1.0,,,,,
0.0,1.0,1.0,1.0,1.0,767,76799,,,,,,,,,,
,,,,,767,76799,0.0,1.0,1.0,1.0,1.0,,,,,
0.0,1.0,1.0,1.0,1.0,768,76899,,,,,,,,,,
,,,,,768,76899,0.0,1.0,1.0,1.0,1.0,,,,,
0.0,1.0,1.0,1.0,1.0,769,76999,,,,,,,,,,
,,,,,769,76999,0.0,1.0,1.0,1.0,1.0,,,,,
0.0,1.0,1.0,1.0,1.0,770,77099,,,,,,,,,,
,,,,,770,77099,0.0,1.0,1.0,1.0,1.0,,,,,
0.0,1.0,1.0,1.0,1.0,771,77199,,,,,,,,,,
,,,,,771,77199,0.0,1.0,1.0,1.0,1.0,,,,,
0.0,1.0,1.0,1.0,1.0,772,77299,,,,,,,,,,
,,,,,772,77299,0.0,1.0,1.0,1.0,1.0,,,,,
0.0,1.0,1.0,1.0,1.0,773,77399,,,,,,,,,,
,,,,,773,77399,0.0,1.0,1.0,1.0,1.0,,,,,
0.0,1.0,1.0,1.0,1.0,774,77499,,,,,,,,,,
,,,,,774,77499,0.0,1.0,1.0,1.0,1.0,,,,,
0.0,1.0,1.0,1.0,1.0,775,77599,,,,,,,,,,
,,,,,775,77599,0.0,1.0,1.0,1.0,1.0,,,,,
0.0,1.0,1.0,1.0,1.0,776,77699,,,,,,,,,,
,,,,,776,77699,0.0,1.0,1.0,1.0,1.0,,,,,
0.0,1.0,1.0,1.0,1.0,777,77799,,,,,,,,,,
,,,,,777,77799,0.0,1.0,1.0,1.0,1.0,,,,,
0.0,1.0,1.0,1.0,1.0,778,77899,,,,,,,,,,
,,,,,778,77899,0.0,1.0,1.0,1.0,1.0,,,,,
0.0,1.0,1.0,1.0,1.0,779,77999,,,,,,,,,,
,,,,,779,77999,0.0,1.0,1.0,1.0,1.0,,,,,
0.0,1.0,1.0,1.0,1.0,780,78099,,,,,,,,,,
,,,,,780,78099,0.0,1.0,1.0,1.0,1.0,,,,,
0.0,1.0,1.0,1.0,1.0,781,78199,,,,,,,,,,
,,,,,781,78199,0.0,1.0,1.0,1.0,1.0,,,,,
0.0,1.0,1.0,1.0,1.0,782,78299,,,,,,,,,,
,,,,,782,78299,0.0,1.0,1.0,1.0,1.0,,,,,
0.0,1.0,1.0,1.0,1.0,783,78399,,,,,,,,,,
,,,,,783,78399,0.0,1.0,1.0,1.0,1.0,,,,,
0.0,1.0,1.0,1.0,1.0,784,78499,,,,,,,,,,
,,,,,784,78499,0.0,1.0,1.0,1.0,1.0,,,,,
0.0,1.0,1.0,1.0,1.0,785,78599,,,,,,,,,,
,,,,,785,78599,0.0,1.0,1.0,1.0,1.0,,,,,
0.0,1.0,1.0,1.0,1.0,786,78699,,,,,,,,,,
,,,,,786,78699,0.0,1.0,1.0,1.0,1.0,,,,,
0.0,1.0,1.0,1.0,1.0,787,78799,,,,,,,,,,
,,,,,787,78799,0.0,1.0,1.0,1.0,1.0,,,,,
0.0,1.0,1.0,1.0,1.0,788,78899,,,,,,,,,,
,,,,,788,78899,0.0,1.0,1.0,1.0,1.0,,,,,
0.0,1.0,1.0,1.0,1.0,789,78999,,,,,,,,,,
,,,,,789,78999,0.0,1.0,1.0,1.0,1.0,,,,,
0.0,1.0,1.0,1.0,1.0,790,79099,,,,,,,,,,
,,,,,790,79099,0.0,1.0,1.0,1.0,1.0,,,,,
0.0,1.0,1.0,1.0,1.0,791,79199,,,,,,,,,,
,,,,,791,79199,0.0,1.0,1.0,1.0,1.0,,,,,
0.0,1.0,1.0,1.0,1.0,792,79299,,,,,,,,,,
,,,,,792,79299,0.0,1.0,1.0,1.0,1.0,,,,,
0.0,1.0,1.0,1.0,1.0,793,79399,,,,,,,,,,
,,,,,793,79399,0.0,1.0,1.0,1.0,1.0,,,,,
0.0,1.0,1.0,1.0,1.0,794,79499,,,,,,,,,,
,,,,,794,79499,0.0,1.0,1.0,1.0,1.0,,,,,
0.0,1.0,1.0,1.0,1.0,795,79599,,,,,,,,,,
,,,,,795,79599,0.0,1.0,1.0,1.0,1.0,,,,,
0.0,1.0,1.0,1.0,1.0,796,79699,,,,,,,,,,
,,,,,796,79699,0.0,1.0,1.0,1.0,1.0,,,,,
0.0,1.0,1.0,1.0,1.0,797,79799,,,,,,,,,,
,,,,,797,79799,0.0,1.0,1.0,1.0,1.0,,,,,
0.0,1.0,1.0,1.0,1.0,798,79899,,,,,,,,,,
,,,,,798,79899,0.0,1.0,1.0,1.0,1.0,,,,,
0.0,1.0,1.0,1.0,1.0,799,79999,,,,,,,,,,
,,,,,799,79999,0.0,1.0,1.0,1.0,1.0,,,,,
0.0,1.0,1.0,1.0,1.0,800,80099,,,,,,,,,,
,,,,,800,80099,0.0,1.0,1.0,1.0,1.0,,,,,
0.0,1.0,1.0,1.0,1.0,801,80199,,,,,,,,,,
,,,,,801,80199,0.0,1.0,1.0,1.0,1.0,,,,,
0.0,1.0,1.0,1.0,1.0,802,80299,,,,,,,,,,
,,,,,802,80299,0.0,1.0,1.0,1.0,1.0,,,,,
0.0,1.0,1.0,1.0,1.0,803,80399,,,,,,,,,,
,,,,,803,80399,0.0,1.0,1.0,1.0,1.0,,,,,
0.0,1.0,1.0,1.0,1.0,804,80499,,,,,,,,,,
,,,,,804,80499,0.0,1.0,1.0,1.0,1.0,,,,,
0.0,1.0,1.0,1.0,1.0,805,80599,,,,,,,,,,
,,,,,805,80599,0.0,1.0,1.0,1.0,1.0,,,,,
0.0,1.0,1.0,1.0,1.0,806,80699,,,,,,,,,,
,,,,,806,80699,0.0,1.0,1.0,1.0,1.0,,,,,
0.0,1.0,1.0,1.0,1.0,807,80799,,,,,,,,,,
,,,,,807,80799,0.0,1.0,1.0,1.0,1.0,,,,,
0.0,1.0,1.0,1.0,1.0,808,80899,,,,,,,,,,
,,,,,808,80899,0.0,1.0,1.0,1.0,1.0,,,,,
0.0,1.0,1.0,1.0,1.0,809,80999,,,,,,,,,,
,,,,,809,80999,0.0,1.0,1.0,1.0,1.0,,,,,
0.0,1.0,1.0,1.0,1.0,810,81099,,,,,,,,,,
,,,,,810,81099,0.0,1.0,1.0,1.0,1.0,,,,,
0.0,1.0,1.0,1.0,1.0,811,81199,,,,,,,,,,
,,,,,811,81199,0.0,1.0,1.0,1.0,1.0,,,,,
0.0,1.0,1.0,1.0,1.0,812,81299,,,,,,,,,,
,,,,,812,81299,0.0,1.0,1.0,1.0,1.0,,,,,
0.0,1.0,1.0,1.0,1.0,813,81399,,,,,,,,,,
,,,,,813,81399,0.0,1.0,1.0,1.0,1.0,,,,,
0.0,1.0,1.0,1.0,1.0,814,81499,,,,,,,,,,
,,,,,814,81499,0.0,1.0,1.0,1.0,1.0,,,,,
0.0,1.0,1.0,1.0,1.0,815,81599,,,,,,,,,,
,,,,,815,81599,0.0,1.0,1.0,1.0,1.0,,,,,
0.0,1.0,1.0,1.0,1.0,816,81699,,,,,,,,,,
,,,,,816,81699,0.0,1.0,1.0,1.0,1.0,,,,,
0.0,1.0,1.0,1.0,1.0,817,81799,,,,,,,,,,
,,,,,817,81799,0.0,1.0,1.0,1.0,1.0,,,,,
0.0,1.0,1.0,1.0,1.0,818,81899,,,,,,,,,,
,,,,,818,81899,0.0,1.0,1.0,1.0,1.0,,,,,
0.0,1.0,1.0,1.0,1.0,819,81999,,,,,,,,,,
,,,,,819,81999,0.0,1.0,1.0,1.0,1.0,,,,,
0.0,1.0,1.0,1.0,1.0,820,82099,,,,,,,,,,
,,,,,820,82099,0.0,1.0,1.0,1.0,1.0,,,,,
0.0,1.0,1.0,1.0,1.0,821,82199,,,,,,,,,,
,,,,,821,82199,0.0,1.0,1.0,1.0,1.0,,,,,
0.0,1.0,1.0,1.0,1.0,822,82299,,,,,,,,,,
,,,,,822,82299,0.0,1.0,1.0,1.0,1.0,,,,,
0.0,1.0,1.0,1.0,1.0,823,82399,,,,,,,,,,
,,,,,823,82399,0.0,1.0,1.0,1.0,1.0,,,,,
0.0,1.0,1.0,1.0,1.0,824,82499,,,,,,,,,,
,,,,,824,82499,0.0,1.0,1.0,1.0,1.0,,,,,
0.0,1.0,1.0,1.0,1.0,825,82599,,,,,,,,,,
,,,,,825,82599,0.0,1.0,1.0,1.0,1.0,,,,,
0.0,1.0,1.0,1.0,1.0,826,82699,,,,,,,,,,
,,,,,826,82699,0.0,1.0,1.0,1.0,1.0,,,,,
0.0,1.0,1.0,1.0,1.0,827,82799,,,,,,,,,,
,,,,,827,82799,0.0,1.0,1.0,1.0,1.0,,,,,
0.0,1.0,1.0,1.0,1.0,828,82899,,,,,,,,,,
,,,,,828,82899,0.0,1.0,1.0,1.0,1.0,,,,,
0.0,1.0,1.0,1.0,1.0,829,82999,,,,,,,,,,
,,,,,829,82999,0.0,1.0,1.0,1.0,1.0,,,,,
0.0,1.0,1.0,1.0,1.0,830,83099,,,,,,,,,,
,,,,,830,83099,0.0,1.0,1.0,1.0,1.0,,,,,
0.0,1.0,1.0,1.0,1.0,831,83199,,,,,,,,,,
,,,,,831,83199,0.0,1.0,1.0,1.0,1.0,,,,,
0.0,1.0,1.0,1.0,1.0,832,83299,,,,,,,,,,
,,,,,832,83299,0.0,1.0,1.0,1.0,1.0,,,,,
0.0,1.0,1.0,1.0,1.0,833,83399,,,,,,,,,,
,,,,,833,83399,0.0,1.0,1.0,1.0,1.0,,,,,
0.0,1.0,1.0,1.0,1.0,834,83499,,,,,,,,,,
,,,,,834,83499,0.0,1.0,1.0,1.0,1.0,,,,,
0.0,1.0,1.0,1.0,1.0,835,83599,,,,,,,,,,
,,,,,835,83599,0.0,1.0,1.0,1.0,1.0,,,,,
0.0,1.0,1.0,1.0,1.0,836,83699,,,,,,,,,,
,,,,,836,83699,0.0,1.0,1.0,1.0,1.0,,,,,
0.0,1.0,1.0,1.0,1.0,837,83799,,,,,,,,,,
,,,,,837,83799,0.0,1.0,1.0,1.0,1.0,,,,,
0.0,1.0,1.0,1.0,1.0,838,83899,,,,,,,,,,
,,,,,838,83899,0.0,1.0,1.0,1.0,1.0,,,,,
0.0,1.0,1.0,1.0,1.0,839,83999,,,,,,,,,,
,,,,,839,83999,0.0,1.0,1.0,1.0,1.0,,,,,
0.0,1.0,1.0,1.0,1.0,840,84099,,,,,,,,,,
,,,,,840,84099,0.0,1.0,1.0,1.0,1.0,,,,,
0.0,1.0,1.0,1.0,1.0,841,84199,,,,,,,,,,
,,,,,841,84199,0.0,1.0,1.0,1.0,1.0,,,,,
0.0,1.0,1.0,1.0,1.0,842,84299,,,,,,,,,,
,,,,,842,84299,0.0,1.0,1.0,1.0,1.0,,,,,
0.0,1.0,1.0,1.0,1.0,843,84399,,,,,,,,,,
,,,,,843,84399,0.0,1.0,1.0,1.0,1.0,,,,,
0.0,1.0,1.0,1.0,1.0,844,84499,,,,,,,,,,
,,,,,844,84499,0.0,1.0,1.0,1.0,1.0,,,,,
0.0,1.0,1.0,1.0,1.0,845,84599,,,,,,,,,,
,,,,,845,84599,0.0,1.0,1.0,1.0,1.0,,,,,
0.0,1.0,1.0,1.0,1.0,846,84699,,,,,,,,,,
,,,,,846,84699,0.0,1.0,1.0,1.0,1.0,,,,,
0.0,1.0,1.0,1.0,1.0,847,84799,,,,,,,,,,
,,,,,847,84799,0.0,1.0,1.0,1.0,1.0,,,,,
0.0,1.0,1.0,1.0,1.0,848,84899,,,,,,,,,,
,,,,,848,84899,0.0,1.0,1.0,1.0,1.0,,,,,
0.0,1.0,1.0,1.0,1.0,849,84999,,,,,,,,,,
,,,,,849,84999,0.0,1.0,1.0,1.0,1.0,,,,,
0.0,1.0,1.0,1.0,1.0,850,85099,,,,,,,,,,
,,,,,850,85099,0.0,1.0,1.0,1.0,1.0,,,,,
0.0,1.0,1.0,1.0,1.0,851,85199,,,,,,,,,,
,,,,,851,85199,0.0,1.0,1.0,1.0,1.0,,,,,
0.0,1.0,1.0,1.0,1.0,852,85299,,,,,,,,,,
,,,,,852,85299,0.0,1.0,1.0,1.0,1.0,,,,,
0.0,1.0,1.0,1.0,1.0,853,85399,,,,,,,,,,
,,,,,853,85399,0.0,1.0,1.0,1.0,1.0,,,,,
0.0,1.0,1.0,1.0,1.0,854,85499,,,,,,,,,,
,,,,,854,85499,0.0,1.0,1.0,1.0,1.0,,,,,
0.0,1.0,1.0,1.0,1.0,855,85599,,,,,,,,,,
,,,,,855,85599,0.0,1.0,1.0,1.0,1.0,,,,,
0.0,1.0,1.0,1.0,1.0,856,85699,,,,,,,,,,
,,,,,856,85699,0.0,1.0,1.0,1.0,1.0,,,,,
0.0,1.0,1.0,1.0,1.0,857,85799,,,,,,,,,,
,,,,,857,85799,0.0,1.0,1.0,1.0,1.0,,,,,
0.0,1.0,1.0,1.0,1.0,858,85899,,,,,,,,,,
,,,,,858,85899,0.0,1.0,1.0,1.0,1.0,,,,,
0.0,1.0,1.0,1.0,1.0,859,85999,,,,,,,,,,
,,,,,859,85999,0.0,1.0,1.0,1.0,1.0,,,,,
0.0,1.0,1.0,1.0,1.0,860,86099,,,,,,,,,,
,,,,,860,86099,0.0,1.0,1.0,1.0,1.0,,,,,
0.0,1.0,1.0,1.0,1.0,861,86199,,,,,,,,,,
,,,,,861,86199,0.0,1.0,1.0,1.0,1.0,,,,,
0.0,1.0,1.0,1.0,1.0,862,86299,,,,,,,,,,
,,,,,862,86299,0.0,1.0,1.0,1.0,1.0,,,,,
0.0,1.0,1.0,1.0,1.0,863,86399,,,,,,,,,,
,,,,,863,86399,0.0,1.0,1.0,1.0,1.0,,,,,
0.0,1.0,1.0,1.0,1.0,864,86499,,,,,,,,,,
,,,,,864,86499,0.0,1.0,1.0,1.0,1.0,,,,,
0.0,1.0,1.0,1.0,1.0,865,86599,,,,,,,,,,
,,,,,865,86599,0.0,1.0,1.0,1.0,1.0,,,,,
0.0,1.0,1.0,1.0,1.0,866,86699,,,,,,,,,,
,,,,,866,86699,0.0,1.0,1.0,1.0,1.0,,,,,
0.0,1.0,1.0,1.0,1.0,867,86799,,,,,,,,,,
,,,,,867,86799,0.0,1.0,1.0,1.0,1.0,,,,,
0.0,1.0,1.0,1.0,1.0,868,86899,,,,,,,,,,
,,,,,868,86899,0.0,1.0,1.0,1.0,1.0,,,,,
0.0,1.0,1.0,1.0,1.0,869,86999,,,,,,,,,,
,,,,,869,86999,0.0,1.0,1.0,1.0,1.0,,,,,
0.0,1.0,1.0,1.0,1.0,870,87099,,,,,,,,,,
,,,,,870,87099,0.0,1.0,1.0,1.0,1.0,,,,,
0.0,1.0,1.0,1.0,1.0,871,87199,,,,,,,,,,
,,,,,871,87199,0.0,1.0,1.0,1.0,1.0,,,,,
0.0,1.0,1.0,1.0,1.0,872,87299,,,,,,,,,,
,,,,,872,87299,0.0,1.0,1.0,1.0,1.0,,,,,
0.0,1.0,1.0,1.0,1.0,873,87399,,,,,,,,,,
,,,,,873,87399,0.0,1.0,1.0,1.0,1.0,,,,,
0.0,1.0,1.0,1.0,1.0,874,87499,,,,,,,,,,
,,,,,874,87499,0.0,1.0,1.0,1.0,1.0,,,,,
0.0,1.0,1.0,1.0,1.0,875,87599,,,,,,,,,,
,,,,,875,87599,0.0,1.0,1.0,1.0,1.0,,,,,
0.0,1.0,1.0,1.0,1.0,876,87699,,,,,,,,,,
,,,,,876,87699,0.0,1.0,1.0,1.0,1.0,,,,,
0.0,1.0,1.0,1.0,1.0,877,87799,,,,,,,,,,
,,,,,877,87799,0.0,1.0,1.0,1.0,1.0,,,,,
0.0,1.0,1.0,1.0,1.0,878,87899,,,,,,,,,,
,,,,,878,87899,0.0,1.0,1.0,1.0,1.0,,,,,
0.0,1.0,1.0,1.0,1.0,879,87999,,,,,,,,,,
,,,,,879,87999,0.0,1.0,1.0,1.0,1.0,,,,,
0.0,1.0,1.0,1.0,1.0,880,88099,,,,,,,,,,
,,,,,880,88099,0.0,1.0,1.0,1.0,1.0,,,,,
0.0,1.0,1.0,1.0,1.0,881,88199,,,,,,,,,,
,,,,,881,88199,0.0,1.0,1.0,1.0,1.0,,,,,
0.0,1.0,1.0,1.0,1.0,882,88299,,,,,,,,,,
,,,,,882,88299,0.0,1.0,1.0,1.0,1.0,,,,,
0.0,1.0,1.0,1.0,1.0,883,88399,,,,,,,,,,
,,,,,883,88399,0.0,1.0,1.0,1.0,1.0,,,,,
0.0,1.0,1.0,1.0,1.0,884,88499,,,,,,,,,,
,,,,,884,88499,0.0,1.0,1.0,1.0,1.0,,,,,
0.0,1.0,1.0,1.0,1.0,885,88599,,,,,,,,,,
,,,,,885,88599,0.0,1.0,1.0,1.0,1.0,,,,,
0.0,1.0,1.0,1.0,1.0,886,88699,,,,,,,,,,
,,,,,886,88699,0.0,1.0,1.0,1.0,1.0,,,,,
0.0,1.0,1.0,1.0,1.0,887,88799,,,,,,,,,,
,,,,,887,88799,0.0,1.0,1.0,1.0,1.0,,,,,
0.0,1.0,1.0,1.0,1.0,888,88899,,,,,,,,,,
,,,,,888,88899,0.0,1.0,1.0,1.0,1.0,,,,,
0.0,1.0,1.0,1.0,1.0,889,88999,,,,,,,,,,
,,,,,889,88999,0.0,1.0,1.0,1.0,1.0,,,,,
0.0,1.0,1.0,1.0,1.0,890,89099,,,,,,,,,,
,,,,,890,89099,0.0,1.0,1.0,1.0,1.0,,,,,
0.0,1.0,1.0,1.0,1.0,891,89199,,,,,,,,,,
,,,,,891,89199,0.0,1.0,1.0,1.0,1.0,,,,,
0.0,1.0,1.0,1.0,1.0,892,89299,,,,,,,,,,
,,,,,892,89299,0.0,1.0,1.0,1.0,1.0,,,,,
0.0,1.0,1.0,1.0,1.0,893,89399,,,,,,,,,,
,,,,,893,89399,0.0,1.0,1.0,1.0,1.0,,,,,
0.0,1.0,1.0,1.0,1.0,894,89499,,,,,,,,,,
,,,,,894,89499,0.0,1.0,1.0,1.0,1.0,,,,,
0.0,1.0,1.0,1.0,1.0,895,89599,,,,,,,,,,
,,,,,895,89599,2.9802318946003936e-10,1.0,1.0,1.0,1.0,,,,,
0.0,1.0,1.0,1.0,1.0,896,89699,,,,,,,,,,
,,,,,896,89699,0.0,1.0,1.0,1.0,1.0,,,,,
0.0,1.0,1.0,1.0,1.0,897,89799,,,,,,,,,,
,,,,,897,89799,0.0,1.0,1.0,1.0,1.0,,,,,
0.0,1.0,1.0,1.0,1.0,898,89899,,,,,,,,,,
,,,,,898,89899,0.0,1.0,1.0,1.0,1.0,,,,,
0.0,1.0,1.0,1.0,1.0,899,89999,,,,,,,,,,
,,,,,899,89999,0.0,1.0,1.0,1.0,1.0,,,,,
0.0,1.0,1.0,1.0,1.0,900,90099,,,,,,,,,,
,,,,,900,90099,0.0,1.0,1.0,1.0,1.0,,,,,
0.0,1.0,1.0,1.0,1.0,901,90199,,,,,,,,,,
,,,,,901,90199,0.0,1.0,1.0,1.0,1.0,,,,,
0.0,1.0,1.0,1.0,1.0,902,90299,,,,,,,,,,
,,,,,902,90299,0.0,1.0,1.0,1.0,1.0,,,,,
0.0,1.0,1.0,1.0,1.0,903,90399,,,,,,,,,,
,,,,,903,90399,0.0,1.0,1.0,1.0,1.0,,,,,
0.0,1.0,1.0,1.0,1.0,904,90499,,,,,,,,,,
,,,,,904,90499,0.0,1.0,1.0,1.0,1.0,,,,,
0.0,1.0,1.0,1.0,1.0,905,90599,,,,,,,,,,
,,,,,905,90599,0.0,1.0,1.0,1.0,1.0,,,,,
0.0,1.0,1.0,1.0,1.0,906,90699,,,,,,,,,,
,,,,,906,90699,0.0,1.0,1.0,1.0,1.0,,,,,
0.0,1.0,1.0,1.0,1.0,907,90799,,,,,,,,,,
,,,,,907,90799,0.0,1.0,1.0,1.0,1.0,,,,,
0.0,1.0,1.0,1.0,1.0,908,90899,,,,,,,,,,
,,,,,908,90899,0.0,1.0,1.0,1.0,1.0,,,,,
0.0,1.0,1.0,1.0,1.0,909,90999,,,,,,,,,,
,,,,,909,90999,0.0,1.0,1.0,1.0,1.0,,,,,
0.0,1.0,1.0,1.0,1.0,910,91099,,,,,,,,,,
,,,,,910,91099,0.0,1.0,1.0,1.0,1.0,,,,,
0.0,1.0,1.0,1.0,1.0,911,91199,,,,,,,,,,
,,,,,911,91199,0.0,1.0,1.0,1.0,1.0,,,,,
0.0,1.0,1.0,1.0,1.0,912,91299,,,,,,,,,,
,,,,,912,91299,0.0,1.0,1.0,1.0,1.0,,,,,
0.0,1.0,1.0,1.0,1.0,913,91399,,,,,,,,,,
,,,,,913,91399,0.0,1.0,1.0,1.0,1.0,,,,,
0.0,1.0,1.0,1.0,1.0,914,91499,,,,,,,,,,
,,,,,914,91499,0.0,1.0,1.0,1.0,1.0,,,,,
0.0,1.0,1.0,1.0,1.0,915,91599,,,,,,,,,,
,,,,,915,91599,0.0,1.0,1.0,1.0,1.0,,,,,
0.0,1.0,1.0,1.0,1.0,916,91699,,,,,,,,,,
,,,,,916,91699,0.0,1.0,1.0,1.0,1.0,,,,,
0.0,1.0,1.0,1.0,1.0,917,91799,,,,,,,,,,
,,,,,917,91799,0.0,1.0,1.0,1.0,1.0,,,,,
0.0,1.0,1.0,1.0,1.0,918,91899,,,,,,,,,,
,,,,,918,91899,0.0,1.0,1.0,1.0,1.0,,,,,
0.0,1.0,1.0,1.0,1.0,919,91999,,,,,,,,,,
,,,,,919,91999,0.0,1.0,1.0,1.0,1.0,,,,,
0.0,1.0,1.0,1.0,1.0,920,92099,,,,,,,,,,
,,,,,920,92099,0.0,1.0,1.0,1.0,1.0,,,,,
0.0,1.0,1.0,1.0,1.0,921,92199,,,,,,,,,,
,,,,,921,92199,0.0,1.0,1.0,1.0,1.0,,,,,
0.0,1.0,1.0,1.0,1.0,922,92299,,,,,,,,,,
,,,,,922,92299,0.0,1.0,1.0,1.0,1.0,,,,,
0.0,1.0,1.0,1.0,1.0,923,92399,,,,,,,,,,
,,,,,923,92399,0.0,1.0,1.0,1.0,1.0,,,,,
0.0,1.0,1.0,1.0,1.0,924,92499,,,,,,,,,,
,,,,,924,92499,0.0,1.0,1.0,1.0,1.0,,,,,
0.0,1.0,1.0,1.0,1.0,925,92599,,,,,,,,,,
,,,,,925,92599,0.0,1.0,1.0,1.0,1.0,,,,,
0.0,1.0,1.0,1.0,1.0,926,92699,,,,,,,,,,
,,,,,926,92699,0.0,1.0,1.0,1.0,1.0,,,,,
0.0,1.0,1.0,1.0,1.0,927,92799,,,,,,,,,,
,,,,,927,92799,0.0,1.0,1.0,1.0,1.0,,,,,
0.0,1.0,1.0,1.0,1.0,928,92899,,,,,,,,,,
,,,,,928,92899,0.0,1.0,1.0,1.0,1.0,,,,,
0.0,1.0,1.0,1.0,1.0,929,92999,,,,,,,,,,
,,,,,929,92999,0.0,1.0,1.0,1.0,1.0,,,,,
0.0,1.0,1.0,1.0,1.0,930,93099,,,,,,,,,,
,,,,,930,93099,0.0,1.0,1.0,1.0,1.0,,,,,
0.0,1.0,1.0,1.0,1.0,931,93199,,,,,,,,,,
,,,,,931,93199,0.0,1.0,1.0,1.0,1.0,,,,,
0.0,1.0,1.0,1.0,1.0,932,93299,,,,,,,,,,
,,,,,932,93299,0.0,1.0,1.0,1.0,1.0,,,,,
0.0,1.0,1.0,1.0,1.0,933,93399,,,,,,,,,,
,,,,,933,93399,0.0,1.0,1.0,1.0,1.0,,,,,
0.0,1.0,1.0,1.0,1.0,934,93499,,,,,,,,,,
,,,,,934,93499,0.0,1.0,1.0,1.0,1.0,,,,,
0.0,1.0,1.0,1.0,1.0,935,93599,,,,,,,,,,
,,,,,935,93599,0.0,1.0,1.0,1.0,1.0,,,,,
0.0,1.0,1.0,1.0,1.0,936,93699,,,,,,,,,,
,,,,,936,93699,0.0,1.0,1.0,1.0,1.0,,,,,
0.0,1.0,1.0,1.0,1.0,937,93799,,,,,,,,,,
,,,,,937,93799,0.0,1.0,1.0,1.0,1.0,,,,,
0.0,1.0,1.0,1.0,1.0,938,93899,,,,,,,,,,
,,,,,938,93899,0.0,1.0,1.0,1.0,1.0,,,,,
0.0,1.0,1.0,1.0,1.0,939,93999,,,,,,,,,,
,,,,,939,93999,0.0,1.0,1.0,1.0,1.0,,,,,
0.0,1.0,1.0,1.0,1.0,940,94099,,,,,,,,,,
,,,,,940,94099,0.0,1.0,1.0,1.0,1.0,,,,,
0.0,1.0,1.0,1.0,1.0,941,94199,,,,,,,,,,
,,,,,941,94199,0.0,1.0,1.0,1.0,1.0,,,,,
0.0,1.0,1.0,1.0,1.0,942,94299,,,,,,,,,,
,,,,,942,94299,0.0,1.0,1.0,1.0,1.0,,,,,
0.0,1.0,1.0,1.0,1.0,943,94399,,,,,,,,,,
,,,,,943,94399,0.0,1.0,1.0,1.0,1.0,,,,,
0.0,1.0,1.0,1.0,1.0,944,94499,,,,,,,,,,
,,,,,944,94499,0.0,1.0,1.0,1.0,1.0,,,,,
0.0,1.0,1.0,1.0,1.0,945,94599,,,,,,,,,,
,,,,,945,94599,0.0,1.0,1.0,1.0,1.0,,,,,
0.0,1.0,1.0,1.0,1.0,946,94699,,,,,,,,,,
,,,,,946,94699,0.0,1.0,1.0,1.0,1.0,,,,,
0.0,1.0,1.0,1.0,1.0,947,94799,,,,,,,,,,
,,,,,947,94799,0.0,1.0,1.0,1.0,1.0,,,,,
0.0,1.0,1.0,1.0,1.0,948,94899,,,,,,,,,,
,,,,,948,94899,0.0,1.0,1.0,1.0,1.0,,,,,
0.0,1.0,1.0,1.0,1.0,949,94999,,,,,,,,,,
,,,,,949,94999,0.0,1.0,1.0,1.0,1.0,,,,,
0.0,1.0,1.0,1.0,1.0,950,95099,,,,,,,,,,
,,,,,950,95099,0.0,1.0,1.0,1.0,1.0,,,,,
0.0,1.0,1.0,1.0,1.0,951,95199,,,,,,,,,,
,,,,,951,95199,0.0,1.0,1.0,1.0,1.0,,,,,
0.0,1.0,1.0,1.0,1.0,952,95299,,,,,,,,,,
,,,,,952,95299,0.0,1.0,1.0,1.0,1.0,,,,,
0.0,1.0,1.0,1.0,1.0,953,95399,,,,,,,,,,
,,,,,953,95399,0.0,1.0,1.0,1.0,1.0,,,,,
0.0,1.0,1.0,1.0,1.0,954,95499,,,,,,,,,,
,,,,,954,95499,0.0,1.0,1.0,1.0,1.0,,,,,
0.0,1.0,1.0,1.0,1.0,955,95599,,,,,,,,,,
,,,,,955,95599,0.0,1.0,1.0,1.0,1.0,,,,,
0.0,1.0,1.0,1.0,1.0,956,95699,,,,,,,,,,
,,,,,956,95699,0.0,1.0,1.0,1.0,1.0,,,,,
0.0,1.0,1.0,1.0,1.0,957,95799,,,,,,,,,,
,,,,,957,95799,0.0,1.0,1.0,1.0,1.0,,,,,
0.0,1.0,1.0,1.0,1.0,958,95899,,,,,,,,,,
,,,,,958,95899,0.0,1.0,1.0,1.0,1.0,,,,,
0.0,1.0,1.0,1.0,1.0,959,95999,,,,,,,,,,
,,,,,959,95999,0.0,1.0,1.0,1.0,1.0,,,,,
0.0,1.0,1.0,1.0,1.0,960,96099,,,,,,,,,,
,,,,,960,96099,0.0,1.0,1.0,1.0,1.0,,,,,
0.0,1.0,1.0,1.0,1.0,961,96199,,,,,,,,,,
,,,,,961,96199,0.0,1.0,1.0,1.0,1.0,,,,,
0.0,1.0,1.0,1.0,1.0,962,96299,,,,,,,,,,
,,,,,962,96299,0.0,1.0,1.0,1.0,1.0,,,,,
0.0,1.0,1.0,1.0,1.0,963,96399,,,,,,,,,,
,,,,,963,96399,0.0,1.0,1.0,1.0,1.0,,,,,
0.0,1.0,1.0,1.0,1.0,964,96499,,,,,,,,,,
,,,,,964,96499,0.0,1.0,1.0,1.0,1.0,,,,,
0.0,1.0,1.0,1.0,1.0,965,96599,,,,,,,,,,
,,,,,965,96599,0.0,1.0,1.0,1.0,1.0,,,,,
0.0,1.0,1.0,1.0,1.0,966,96699,,,,,,,,,,
,,,,,966,96699,0.0,1.0,1.0,1.0,1.0,,,,,
0.0,1.0,1.0,1.0,1.0,967,96799,,,,,,,,,,
,,,,,967,96799,0.0,1.0,1.0,1.0,1.0,,,,,
0.0,1.0,1.0,1.0,1.0,968,96899,,,,,,,,,,
,,,,,968,96899,0.0,1.0,1.0,1.0,1.0,,,,,
0.0,1.0,1.0,1.0,1.0,969,96999,,,,,,,,,,
,,,,,969,96999,0.0,1.0,1.0,1.0,1.0,,,,,
0.0,1.0,1.0,1.0,1.0,970,97099,,,,,,,,,,
,,,,,970,97099,0.0,1.0,1.0,1.0,1.0,,,,,
0.0,1.0,1.0,1.0,1.0,971,97199,,,,,,,,,,
,,,,,971,97199,0.0,1.0,1.0,1.0,1.0,,,,,
0.0,1.0,1.0,1.0,1.0,972,97299,,,,,,,,,,
,,,,,972,97299,0.0,1.0,1.0,1.0,1.0,,,,,
0.0,1.0,1.0,1.0,1.0,973,97399,,,,,,,,,,
,,,,,973,97399,0.0,1.0,1.0,1.0,1.0,,,,,
0.0,1.0,1.0,1.0,1.0,974,97499,,,,,,,,,,
,,,,,974,97499,0.0,1.0,1.0,1.0,1.0,,,,,
0.0,1.0,1.0,1.0,1.0,975,97599,,,,,,,,,,
,,,,,975,97599,0.0,1.0,1.0,1.0,1.0,,,,,
0.0,1.0,1.0,1.0,1.0,976,97699,,,,,,,,,,
,,,,,976,97699,0.0,1.0,1.0,1.0,1.0,,,,,
0.0,1.0,1.0,1.0,1.0,977,97799,,,,,,,,,,
,,,,,977,97799,0.0,1.0,1.0,1.0,1.0,,,,,
0.0,1.0,1.0,1.0,1.0,978,97899,,,,,,,,,,
,,,,,978,97899,0.0,1.0,1.0,1.0,1.0,,,,,
0.0,1.0,1.0,1.0,1.0,979,97999,,,,,,,,,,
,,,,,979,97999,0.0,1.0,1.0,1.0,1.0,,,,,
0.0,1.0,1.0,1.0,1.0,980,98099,,,,,,,,,,
,,,,,980,98099,0.0,1.0,1.0,1.0,1.0,,,,,
0.0,1.0,1.0,1.0,1.0,981,98199,,,,,,,,,,
,,,,,981,98199,0.0,1.0,1.0,1.0,1.0,,,,,
0.0,1.0,1.0,1.0,1.0,982,98299,,,,,,,,,,
,,,,,982,98299,0.0,1.0,1.0,1.0,1.0,,,,,
0.0,1.0,1.0,1.0,1.0,983,98399,,,,,,,,,,
,,,,,983,98399,0.0,1.0,1.0,1.0,1.0,,,,,
0.0,1.0,1.0,1.0,1.0,984,98499,,,,,,,,,,
,,,,,984,98499,0.0,1.0,1.0,1.0,1.0,,,,,
0.0,1.0,1.0,1.0,1.0,985,98599,,,,,,,,,,
,,,,,985,98599,0.0,1.0,1.0,1.0,1.0,,,,,
0.0,1.0,1.0,1.0,1.0,986,98699,,,,,,,,,,
,,,,,986,98699,0.0,1.0,1.0,1.0,1.0,,,,,
0.0,1.0,1.0,1.0,1.0,987,98799,,,,,,,,,,
,,,,,987,98799,0.0,1.0,1.0,1.0,1.0,,,,,
0.0,1.0,1.0,1.0,1.0,988,98899,,,,,,,,,,
,,,,,988,98899,0.0,1.0,1.0,1.0,1.0,,,,,
0.0,1.0,1.0,1.0,1.0,989,98999,,,,,,,,,,
,,,,,989,98999,0.0,1.0,1.0,1.0,1.0,,,,,
0.0,1.0,1.0,1.0,1.0,990,99099,,,,,,,,,,
,,,,,990,99099,0.0,1.0,1.0,1.0,1.0,,,,,
0.0,1.0,1.0,1.0,1.0,991,99199,,,,,,,,,,
,,,,,991,99199,0.0,1.0,1.0,1.0,1.0,,,,,
0.0,1.0,1.0,1.0,1.0,992,99299,,,,,,,,,,
,,,,,992,99299,0.0,1.0,1.0,1.0,1.0,,,,,
0.0,1.0,1.0,1.0,1.0,993,99399,,,,,,,,,,
,,,,,993,99399,0.0,1.0,1.0,1.0,1.0,,,,,
0.0,1.0,1.0,1.0,1.0,994,99499,,,,,,,,,,
,,,,,994,99499,0.0,1.0,1.0,1.0,1.0,,,,,
0.0,1.0,1.0,1.0,1.0,995,99599,,,,,,,,,,
,,,,,995,99599,0.0,1.0,1.0,1.0,1.0,,,,,
0.0,1.0,1.0,1.0,1.0,996,99699,,,,,,,,,,
,,,,,996,99699,0.0,1.0,1.0,1.0,1.0,,,,,
0.0,1.0,1.0,1.0,1.0,997,99799,,,,,,,,,,
,,,,,997,99799,0.0,1.0,1.0,1.0,1.0,,,,,
0.0,1.0,1.0,1.0,1.0,998,99899,,,,,,,,,,
,,,,,998,99899,0.0,1.0,1.0,1.0,1.0,,,,,
0.0,1.0,1.0,1.0,1.0,999,99999,,,,,,,,,,
,,,,,999,99999,0.0,1.0,1.0,1.0,1.0,,,,,
,,,,,1000,100000,,,,,,0.0,1.0,1.0,1.0,1.0
